#
# There is insufficient memory for the Java Runtime Environment to continue.
# Native memory allocation (mmap) failed to map 396361728 bytes for G1 virtual space
# Possible reasons:
#   The system is out of physical RAM or swap space
#   The process is running with CompressedOops enabled, and the Java Heap may be blocking the growth of the native heap
# Possible solutions:
#   Reduce memory load on the system
#   Increase physical memory or swap space
#   Check if swap backing store is full
#   Decrease Java heap size (-Xmx/-Xms)
#   Decrease number of Java threads
#   Decrease Java thread stack sizes (-Xss)
#   Set larger code cache with -XX:ReservedCodeCacheSize=
#   JVM is running with Zero Based Compressed Oops mode in which the Java heap is
#     placed in the first 32GB address space. The Java Heap base address is the
#     maximum limit for the native heap growth. Please use -XX:HeapBaseMinAddress
#     to set the Java Heap base and to place the Java Heap above 32GB virtual address.
# This output file may be truncated or incomplete.
#
#  Out of Memory Error (os_windows.cpp:3469), pid=22616, tid=13980
#
# JRE version: OpenJDK Runtime Environment Temurin-17.0.1+12 (17.0.1+12) (build 17.0.1+12)
# Java VM: OpenJDK 64-Bit Server VM Temurin-17.0.1+12 (17.0.1+12, mixed mode, tiered, compressed oops, compressed class ptrs, g1 gc, windows-amd64)
# No core dump will be written. Minidumps are not enabled by default on client versions of Windows
#

---------------  S U M M A R Y ------------

Command Line: -Xms128m -Xmx3096m -Dfile.encoding=GBK -XX:+ShowCodeDetailsInExceptionMessages BC.Main

Host: 12th Gen Intel(R) Core(TM) i7-12700H, 20 cores, 15G,  Windows 10 , 64 bit Build 22621 (10.0.22621.1635)
Time: Thu Jun  1 03:26:52 2023  Windows 10 , 64 bit Build 22621 (10.0.22621.1635) elapsed time: 17016.117193 seconds (0d 4h 43m 36s)

---------------  T H R E A D  ---------------

Current thread (0x0000028567c13c80):  VMThread "VM Thread" [stack: 0x000000bed6f00000,0x000000bed7000000] [id=13980]

Stack: [0x000000bed6f00000,0x000000bed7000000]
Native frames: (J=compiled Java code, j=interpreted, Vv=VM code, C=native code)
V  [jvm.dll+0x6744da]
V  [jvm.dll+0x82e144]
V  [jvm.dll+0x82f8ee]
V  [jvm.dll+0x82ff53]
V  [jvm.dll+0x245175]
V  [jvm.dll+0x6714c9]
V  [jvm.dll+0x665f92]
V  [jvm.dll+0x303c3b]
V  [jvm.dll+0x30b176]
V  [jvm.dll+0x35af1e]
V  [jvm.dll+0x35b14f]
V  [jvm.dll+0x2dab78]
V  [jvm.dll+0x2ddc06]
V  [jvm.dll+0x2e82b8]
V  [jvm.dll+0x31c460]
V  [jvm.dll+0x8343bb]
V  [jvm.dll+0x8350f4]
V  [jvm.dll+0x83560c]
V  [jvm.dll+0x8359e4]
V  [jvm.dll+0x835ab0]
V  [jvm.dll+0x7de51a]
V  [jvm.dll+0x673305]
C  [ucrtbase.dll+0x29363]
C  [KERNEL32.DLL+0x126ad]
C  [ntdll.dll+0x5a9f8]

VM_Operation (0x000000bed6bffaa0): G1Concurrent, mode: safepoint, requested by thread 0x0000028549acff20


---------------  P R O C E S S  ---------------

Threads class SMR info:
_java_thread_list=0x0000028c090fa0f0, length=31, elements={
0x0000028549a79f40, 0x00000285670957f0, 0x00000285670c6220, 0x0000028567c1bfc0,
0x0000028567c1c880, 0x0000028567c1f340, 0x0000028567c1fcf0, 0x0000028567c60250,
0x0000028567c60cf0, 0x0000028567c76de0, 0x0000028567df5c00, 0x0000028567dfc230,
0x0000028abbecdba0, 0x0000028a4206de60, 0x0000028946bf68c0, 0x0000028b9a5ed590,
0x0000028b779290e0, 0x0000028b3be11600, 0x000002856cbe5680, 0x0000028b4a9e23e0,
0x0000028a207c73a0, 0x0000028af5d2feb0, 0x00000288694e5300, 0x0000028af5d311f0,
0x0000028a4206e330, 0x00000285715a4ae0, 0x0000028b576041f0, 0x0000028a2d296190,
0x000002898f8fc330, 0x000002898f8fbe60, 0x0000028a483595a0
}

Java Threads: ( => current thread )
  0x0000028549a79f40 JavaThread "main" [_thread_in_native, id=29676, stack(0x000000bed6900000,0x000000bed6a00000)]
  0x00000285670957f0 JavaThread "Reference Handler" daemon [_thread_blocked, id=6096, stack(0x000000bed7000000,0x000000bed7100000)]
  0x00000285670c6220 JavaThread "Finalizer" daemon [_thread_blocked, id=25140, stack(0x000000bed7100000,0x000000bed7200000)]
  0x0000028567c1bfc0 JavaThread "Signal Dispatcher" daemon [_thread_blocked, id=27224, stack(0x000000bed7200000,0x000000bed7300000)]
  0x0000028567c1c880 JavaThread "Attach Listener" daemon [_thread_blocked, id=17336, stack(0x000000bed7300000,0x000000bed7400000)]
  0x0000028567c1f340 JavaThread "Service Thread" daemon [_thread_blocked, id=28452, stack(0x000000bed7400000,0x000000bed7500000)]
  0x0000028567c1fcf0 JavaThread "Monitor Deflation Thread" daemon [_thread_blocked, id=25388, stack(0x000000bed7500000,0x000000bed7600000)]
  0x0000028567c60250 JavaThread "C2 CompilerThread0" daemon [_thread_blocked, id=29264, stack(0x000000bed7600000,0x000000bed7700000)]
  0x0000028567c60cf0 JavaThread "C1 CompilerThread0" daemon [_thread_blocked, id=10996, stack(0x000000bed7700000,0x000000bed7800000)]
  0x0000028567c76de0 JavaThread "Sweeper thread" daemon [_thread_blocked, id=7864, stack(0x000000bed7800000,0x000000bed7900000)]
  0x0000028567df5c00 JavaThread "Notification Thread" daemon [_thread_blocked, id=23528, stack(0x000000bed7b00000,0x000000bed7c00000)]
  0x0000028567dfc230 JavaThread "Common-Cleaner" daemon [_thread_blocked, id=27472, stack(0x000000bed7d00000,0x000000bed7e00000)]
  0x0000028abbecdba0 JavaThread "Thread-656248" [_thread_in_native, id=23736, stack(0x000000bed8c00000,0x000000bed8d00000)]
  0x0000028a4206de60 JavaThread "Thread-656249" [_thread_in_native, id=25080, stack(0x000000bed9100000,0x000000bed9200000)]
  0x0000028946bf68c0 JavaThread "Thread-656250" [_thread_in_native, id=12456, stack(0x000000bed9000000,0x000000bed9100000)]
  0x0000028b9a5ed590 JavaThread "Thread-656251" [_thread_in_native, id=27696, stack(0x000000bed9200000,0x000000bed9300000)]
  0x0000028b779290e0 JavaThread "Thread-656252" [_thread_in_native, id=28648, stack(0x000000bed9300000,0x000000bed9400000)]
  0x0000028b3be11600 JavaThread "Thread-656253" [_thread_blocked, id=25948, stack(0x000000bed8d00000,0x000000bed8e00000)]
  0x000002856cbe5680 JavaThread "Thread-656255" [_thread_in_native, id=28432, stack(0x000000bed9400000,0x000000bed9500000)]
  0x0000028b4a9e23e0 JavaThread "Thread-656254" [_thread_in_native, id=24620, stack(0x000000bed9500000,0x000000bed9600000)]
  0x0000028a207c73a0 JavaThread "Thread-656256" [_thread_in_native, id=10140, stack(0x000000bed8e00000,0x000000bed8f00000)]
  0x0000028af5d2feb0 JavaThread "Thread-656257" [_thread_in_native, id=8536, stack(0x000000bed8f00000,0x000000bed9000000)]
  0x00000288694e5300 JavaThread "Thread-656258" [_thread_in_native, id=2080, stack(0x000000bed9600000,0x000000bed9700000)]
  0x0000028af5d311f0 JavaThread "Thread-656259" [_thread_in_native, id=15444, stack(0x000000bed9700000,0x000000bed9800000)]
  0x0000028a4206e330 JavaThread "Thread-656260" [_thread_in_native, id=23200, stack(0x000000bed9900000,0x000000bed9a00000)]
  0x00000285715a4ae0 JavaThread "Thread-656261" [_thread_in_native, id=1064, stack(0x000000bed9a00000,0x000000bed9b00000)]
  0x0000028b576041f0 JavaThread "Thread-656262" [_thread_in_native, id=24888, stack(0x000000bed9800000,0x000000bed9900000)]
  0x0000028a2d296190 JavaThread "Thread-656263" [_thread_in_native, id=22432, stack(0x000000bed9b00000,0x000000bed9c00000)]
  0x000002898f8fc330 JavaThread "Thread-656264" [_thread_in_native, id=3412, stack(0x000000bed9d00000,0x000000bed9e00000)]
  0x000002898f8fbe60 JavaThread "Thread-656265" [_thread_in_native, id=28044, stack(0x000000bed9c00000,0x000000bed9d00000)]
  0x0000028a483595a0 JavaThread "Thread-656266" [_thread_in_native, id=21152, stack(0x000000bed9e00000,0x000000bed9f00000)]

Other Threads:
=>0x0000028567c13c80 VMThread "VM Thread" [stack: 0x000000bed6f00000,0x000000bed7000000] [id=13980]
  0x0000028549b0d150 WatcherThread [stack: 0x000000bed7c00000,0x000000bed7d00000] [id=27164]
  0x0000028549ac2560 GCTaskThread "GC Thread#0" [stack: 0x000000bed6a00000,0x000000bed6b00000] [id=27232]
  0x0000028568fe8370 GCTaskThread "GC Thread#1" [stack: 0x000000beda400000,0x000000beda500000] [id=4552]
  0x0000028568fe7b60 GCTaskThread "GC Thread#2" [stack: 0x000000beda500000,0x000000beda600000] [id=11880]
  0x0000028568fe88d0 GCTaskThread "GC Thread#3" [stack: 0x000000beda600000,0x000000beda700000] [id=22440]
  0x0000028568fe7e10 GCTaskThread "GC Thread#4" [stack: 0x000000beda700000,0x000000beda800000] [id=1476]
  0x0000028568fe90e0 GCTaskThread "GC Thread#5" [stack: 0x000000beda800000,0x000000beda900000] [id=26300]
  0x0000028568fe8620 GCTaskThread "GC Thread#6" [stack: 0x000000beda900000,0x000000bedaa00000] [id=25672]
  0x0000028568fe9640 GCTaskThread "GC Thread#7" [stack: 0x000000bedaa00000,0x000000bedab00000] [id=27020]
  0x0000028568fe8e30 GCTaskThread "GC Thread#8" [stack: 0x000000beda200000,0x000000beda300000] [id=5964]
  0x0000028568fe9390 GCTaskThread "GC Thread#9" [stack: 0x000000beda300000,0x000000beda400000] [id=20264]
  0x000002856d798870 GCTaskThread "GC Thread#10" [stack: 0x000000bedab00000,0x000000bedac00000] [id=23896]
  0x000002856d798dd0 GCTaskThread "GC Thread#11" [stack: 0x000000bedac00000,0x000000bedad00000] [id=5908]
  0x000002856d7985c0 GCTaskThread "GC Thread#12" [stack: 0x000000bedad00000,0x000000bedae00000] [id=6756]
  0x000002856d795ac0 GCTaskThread "GC Thread#13" [stack: 0x000000bedae00000,0x000000bedaf00000] [id=6732]
  0x000002856d796ae0 GCTaskThread "GC Thread#14" [stack: 0x000000bedaf00000,0x000000bedb000000] [id=24240]
  0x0000028549acff20 ConcurrentGCThread "G1 Main Marker" [stack: 0x000000bed6b00000,0x000000bed6c00000] [id=9776]
  0x0000028549ad0930 ConcurrentGCThread "G1 Conc#0" [stack: 0x000000bed6c00000,0x000000bed6d00000] [id=29352]
  0x0000028515879660 ConcurrentGCThread "G1 Conc#1" [stack: 0x000000bed9f00000,0x000000beda000000] [id=18380]
  0x0000028515879910 ConcurrentGCThread "G1 Conc#2" [stack: 0x000000beda000000,0x000000beda100000] [id=29620]
  0x0000028515879e70 ConcurrentGCThread "G1 Conc#3" [stack: 0x000000beda100000,0x000000beda200000] [id=25792]
  0x0000028549b3fa30 ConcurrentGCThread "G1 Refine#0" [stack: 0x000000bed6d00000,0x000000bed6e00000] [id=7216]
  0x0000028566f118a0 ConcurrentGCThread "G1 Service" [stack: 0x000000bed6e00000,0x000000bed6f00000] [id=27880]

Threads with active compile tasks:

VM state: at safepoint (normal execution)

VM Mutex/Monitor currently owned by a thread:  ([mutex/lock_event])
[0x0000028549a76750] Threads_lock - owner thread: 0x0000028567c13c80
[0x0000028549a75790] Heap_lock - owner thread: 0x0000028549acff20

Heap address: 0x000000073e800000, size: 3096 MB, Compressed Oops mode: Zero based, Oop shift amount: 3

CDS archive(s) not mapped
Compressed class space mapped at: 0x0000000800000000-0x0000000840000000, reserved size: 1073741824
Narrow klass base: 0x0000000800000000, Narrow klass shift: 0, Narrow klass range: 0x40000000

GC Precious Log:
 CPUs: 20 total, 20 available
 Memory: 16051M
 Large Page Support: Disabled
 NUMA Support: Disabled
 Compressed Oops: Enabled (Zero based)
 Heap Region Size: 2M
 Heap Min Capacity: 128M
 Heap Initial Capacity: 128M
 Heap Max Capacity: 3096M
 Pre-touch: Disabled
 Parallel Workers: 15
 Concurrent Workers: 4
 Concurrent Refinement Workers: 15
 Periodic GC: Disabled

Heap:
 garbage-first heap   total 2783232K, used 2529687K [0x000000073e800000, 0x0000000800000000)
  region size 2048K, 15 young (30720K), 6 survivors (12288K)
 Metaspace       used 8816K, committed 8960K, reserved 1056768K
  class space    used 737K, committed 832K, reserved 1048576K

Heap Regions: E=young(eden), S=young(survivor), O=old, HS=humongous(starts), HC=humongous(continues), CS=collection set, F=free, OA=open archive, CA=closed archive, TAMS=top-at-mark-start (previous, next)
|   0|0x000000073e800000, 0x000000073ea00000, 0x000000073ea00000|100%| O|  |TAMS 0x000000073ea00000, 0x000000073e800000| Untracked 
|   1|0x000000073ea00000, 0x000000073ec00000, 0x000000073ec00000|100%| O|  |TAMS 0x000000073ec00000, 0x000000073ea00000| Untracked 
|   2|0x000000073ec00000, 0x000000073ee00000, 0x000000073ee00000|100%| O|  |TAMS 0x000000073ee00000, 0x000000073ec00000| Untracked 
|   3|0x000000073ee00000, 0x000000073f000000, 0x000000073f000000|100%| O|  |TAMS 0x000000073f000000, 0x000000073ee00000| Untracked 
|   4|0x000000073f000000, 0x000000073f200000, 0x000000073f200000|100%| O|  |TAMS 0x000000073f200000, 0x000000073f000000| Untracked 
|   5|0x000000073f200000, 0x000000073f400000, 0x000000073f400000|100%| O|  |TAMS 0x000000073f400000, 0x000000073f200000| Untracked 
|   6|0x000000073f400000, 0x000000073f600000, 0x000000073f600000|100%| O|  |TAMS 0x000000073f600000, 0x000000073f400000| Untracked 
|   7|0x000000073f600000, 0x000000073f800000, 0x000000073f800000|100%| O|  |TAMS 0x000000073f800000, 0x000000073f600000| Untracked 
|   8|0x000000073f800000, 0x000000073fa00000, 0x000000073fa00000|100%| O|  |TAMS 0x000000073fa00000, 0x000000073f800000| Untracked 
|   9|0x000000073fa00000, 0x000000073fc00000, 0x000000073fc00000|100%| O|  |TAMS 0x000000073fc00000, 0x000000073fa00000| Untracked 
|  10|0x000000073fc00000, 0x000000073fe00000, 0x000000073fe00000|100%| O|  |TAMS 0x000000073fe00000, 0x000000073fc00000| Untracked 
|  11|0x000000073fe00000, 0x0000000740000000, 0x0000000740000000|100%| O|  |TAMS 0x0000000740000000, 0x000000073fe00000| Untracked 
|  12|0x0000000740000000, 0x0000000740200000, 0x0000000740200000|100%| O|  |TAMS 0x0000000740200000, 0x0000000740000000| Untracked 
|  13|0x0000000740200000, 0x0000000740400000, 0x0000000740400000|100%| O|  |TAMS 0x0000000740400000, 0x0000000740200000| Untracked 
|  14|0x0000000740400000, 0x0000000740600000, 0x0000000740600000|100%| O|  |TAMS 0x0000000740600000, 0x0000000740400000| Untracked 
|  15|0x0000000740600000, 0x0000000740800000, 0x0000000740800000|100%| O|  |TAMS 0x0000000740800000, 0x0000000740600000| Untracked 
|  16|0x0000000740800000, 0x0000000740a00000, 0x0000000740a00000|100%| O|  |TAMS 0x0000000740a00000, 0x0000000740800000| Untracked 
|  17|0x0000000740a00000, 0x0000000740c00000, 0x0000000740c00000|100%| O|  |TAMS 0x0000000740c00000, 0x0000000740a00000| Untracked 
|  18|0x0000000740c00000, 0x0000000740e00000, 0x0000000740e00000|100%| O|  |TAMS 0x0000000740e00000, 0x0000000740c00000| Untracked 
|  19|0x0000000740e00000, 0x0000000741000000, 0x0000000741000000|100%| O|  |TAMS 0x0000000741000000, 0x0000000740e00000| Untracked 
|  20|0x0000000741000000, 0x0000000741200000, 0x0000000741200000|100%| O|  |TAMS 0x0000000741200000, 0x0000000741000000| Untracked 
|  21|0x0000000741200000, 0x0000000741400000, 0x0000000741400000|100%| O|  |TAMS 0x0000000741400000, 0x0000000741200000| Untracked 
|  22|0x0000000741400000, 0x0000000741600000, 0x0000000741600000|100%| O|  |TAMS 0x0000000741600000, 0x0000000741400000| Untracked 
|  23|0x0000000741600000, 0x0000000741800000, 0x0000000741800000|100%| O|  |TAMS 0x0000000741800000, 0x0000000741600000| Untracked 
|  24|0x0000000741800000, 0x0000000741a00000, 0x0000000741a00000|100%| O|  |TAMS 0x0000000741a00000, 0x0000000741800000| Untracked 
|  25|0x0000000741a00000, 0x0000000741c00000, 0x0000000741c00000|100%| O|  |TAMS 0x0000000741c00000, 0x0000000741a00000| Untracked 
|  26|0x0000000741c00000, 0x0000000741e00000, 0x0000000741e00000|100%| O|  |TAMS 0x0000000741e00000, 0x0000000741c00000| Untracked 
|  27|0x0000000741e00000, 0x0000000742000000, 0x0000000742000000|100%| O|  |TAMS 0x0000000742000000, 0x0000000741e00000| Untracked 
|  28|0x0000000742000000, 0x0000000742200000, 0x0000000742200000|100%| O|  |TAMS 0x0000000742200000, 0x0000000742000000| Untracked 
|  29|0x0000000742200000, 0x0000000742400000, 0x0000000742400000|100%| O|  |TAMS 0x0000000742400000, 0x0000000742200000| Untracked 
|  30|0x0000000742400000, 0x0000000742600000, 0x0000000742600000|100%| O|  |TAMS 0x0000000742600000, 0x0000000742400000| Untracked 
|  31|0x0000000742600000, 0x0000000742800000, 0x0000000742800000|100%| O|  |TAMS 0x0000000742800000, 0x0000000742600000| Untracked 
|  32|0x0000000742800000, 0x0000000742a00000, 0x0000000742a00000|100%| O|  |TAMS 0x0000000742a00000, 0x0000000742800000| Untracked 
|  33|0x0000000742a00000, 0x0000000742c00000, 0x0000000742c00000|100%| O|  |TAMS 0x0000000742c00000, 0x0000000742a00000| Untracked 
|  34|0x0000000742c00000, 0x0000000742e00000, 0x0000000742e00000|100%| O|  |TAMS 0x0000000742e00000, 0x0000000742c00000| Untracked 
|  35|0x0000000742e00000, 0x0000000743000000, 0x0000000743000000|100%| O|  |TAMS 0x0000000743000000, 0x0000000742e00000| Untracked 
|  36|0x0000000743000000, 0x0000000743200000, 0x0000000743200000|100%| O|  |TAMS 0x0000000743200000, 0x0000000743000000| Untracked 
|  37|0x0000000743200000, 0x0000000743400000, 0x0000000743400000|100%| O|  |TAMS 0x0000000743400000, 0x0000000743200000| Untracked 
|  38|0x0000000743400000, 0x0000000743600000, 0x0000000743600000|100%| O|  |TAMS 0x0000000743600000, 0x0000000743400000| Untracked 
|  39|0x0000000743600000, 0x0000000743800000, 0x0000000743800000|100%| O|  |TAMS 0x0000000743800000, 0x0000000743600000| Untracked 
|  40|0x0000000743800000, 0x0000000743a00000, 0x0000000743a00000|100%| O|  |TAMS 0x0000000743a00000, 0x0000000743800000| Untracked 
|  41|0x0000000743a00000, 0x0000000743c00000, 0x0000000743c00000|100%| O|  |TAMS 0x0000000743c00000, 0x0000000743a00000| Untracked 
|  42|0x0000000743c00000, 0x0000000743e00000, 0x0000000743e00000|100%| O|  |TAMS 0x0000000743e00000, 0x0000000743c00000| Untracked 
|  43|0x0000000743e00000, 0x0000000744000000, 0x0000000744000000|100%| O|  |TAMS 0x0000000744000000, 0x0000000743e00000| Untracked 
|  44|0x0000000744000000, 0x0000000744200000, 0x0000000744200000|100%| O|  |TAMS 0x0000000744200000, 0x0000000744000000| Untracked 
|  45|0x0000000744200000, 0x0000000744400000, 0x0000000744400000|100%| O|  |TAMS 0x0000000744400000, 0x0000000744200000| Untracked 
|  46|0x0000000744400000, 0x0000000744600000, 0x0000000744600000|100%| O|  |TAMS 0x0000000744600000, 0x0000000744400000| Untracked 
|  47|0x0000000744600000, 0x0000000744800000, 0x0000000744800000|100%| O|  |TAMS 0x0000000744800000, 0x0000000744600000| Untracked 
|  48|0x0000000744800000, 0x0000000744a00000, 0x0000000744a00000|100%| O|  |TAMS 0x0000000744a00000, 0x0000000744800000| Untracked 
|  49|0x0000000744a00000, 0x0000000744c00000, 0x0000000744c00000|100%| O|  |TAMS 0x0000000744c00000, 0x0000000744a00000| Untracked 
|  50|0x0000000744c00000, 0x0000000744e00000, 0x0000000744e00000|100%| O|  |TAMS 0x0000000744e00000, 0x0000000744c00000| Untracked 
|  51|0x0000000744e00000, 0x0000000745000000, 0x0000000745000000|100%| O|  |TAMS 0x0000000745000000, 0x0000000744e00000| Untracked 
|  52|0x0000000745000000, 0x0000000745200000, 0x0000000745200000|100%| O|  |TAMS 0x0000000745200000, 0x0000000745000000| Untracked 
|  53|0x0000000745200000, 0x0000000745400000, 0x0000000745400000|100%| O|  |TAMS 0x0000000745400000, 0x0000000745200000| Untracked 
|  54|0x0000000745400000, 0x0000000745600000, 0x0000000745600000|100%| O|  |TAMS 0x0000000745600000, 0x0000000745400000| Untracked 
|  55|0x0000000745600000, 0x0000000745800000, 0x0000000745800000|100%| O|  |TAMS 0x0000000745800000, 0x0000000745600000| Untracked 
|  56|0x0000000745800000, 0x0000000745a00000, 0x0000000745a00000|100%| O|  |TAMS 0x0000000745a00000, 0x0000000745800000| Untracked 
|  57|0x0000000745a00000, 0x0000000745c00000, 0x0000000745c00000|100%| O|  |TAMS 0x0000000745c00000, 0x0000000745a00000| Untracked 
|  58|0x0000000745c00000, 0x0000000745e00000, 0x0000000745e00000|100%| O|  |TAMS 0x0000000745e00000, 0x0000000745c00000| Untracked 
|  59|0x0000000745e00000, 0x0000000746000000, 0x0000000746000000|100%| O|  |TAMS 0x0000000746000000, 0x0000000745e00000| Untracked 
|  60|0x0000000746000000, 0x0000000746200000, 0x0000000746200000|100%| O|  |TAMS 0x0000000746200000, 0x0000000746000000| Untracked 
|  61|0x0000000746200000, 0x0000000746400000, 0x0000000746400000|100%| O|  |TAMS 0x0000000746400000, 0x0000000746200000| Untracked 
|  62|0x0000000746400000, 0x0000000746600000, 0x0000000746600000|100%| O|  |TAMS 0x0000000746600000, 0x0000000746400000| Untracked 
|  63|0x0000000746600000, 0x0000000746800000, 0x0000000746800000|100%| O|  |TAMS 0x0000000746800000, 0x0000000746600000| Untracked 
|  64|0x0000000746800000, 0x0000000746a00000, 0x0000000746a00000|100%| O|  |TAMS 0x0000000746a00000, 0x0000000746800000| Untracked 
|  65|0x0000000746a00000, 0x0000000746c00000, 0x0000000746c00000|100%| O|  |TAMS 0x0000000746c00000, 0x0000000746a00000| Untracked 
|  66|0x0000000746c00000, 0x0000000746e00000, 0x0000000746e00000|100%| O|  |TAMS 0x0000000746e00000, 0x0000000746c00000| Untracked 
|  67|0x0000000746e00000, 0x0000000747000000, 0x0000000747000000|100%| O|  |TAMS 0x0000000747000000, 0x0000000746e00000| Untracked 
|  68|0x0000000747000000, 0x0000000747200000, 0x0000000747200000|100%| O|  |TAMS 0x0000000747200000, 0x0000000747000000| Untracked 
|  69|0x0000000747200000, 0x0000000747400000, 0x0000000747400000|100%| O|  |TAMS 0x0000000747400000, 0x0000000747200000| Untracked 
|  70|0x0000000747400000, 0x0000000747600000, 0x0000000747600000|100%| O|  |TAMS 0x0000000747600000, 0x0000000747400000| Untracked 
|  71|0x0000000747600000, 0x0000000747800000, 0x0000000747800000|100%| O|  |TAMS 0x0000000747800000, 0x0000000747600000| Untracked 
|  72|0x0000000747800000, 0x0000000747a00000, 0x0000000747a00000|100%| O|  |TAMS 0x0000000747a00000, 0x0000000747800000| Untracked 
|  73|0x0000000747a00000, 0x0000000747c00000, 0x0000000747c00000|100%| O|  |TAMS 0x0000000747c00000, 0x0000000747a00000| Untracked 
|  74|0x0000000747c00000, 0x0000000747e00000, 0x0000000747e00000|100%| O|  |TAMS 0x0000000747e00000, 0x0000000747c00000| Untracked 
|  75|0x0000000747e00000, 0x0000000748000000, 0x0000000748000000|100%| O|  |TAMS 0x0000000748000000, 0x0000000747e00000| Untracked 
|  76|0x0000000748000000, 0x0000000748200000, 0x0000000748200000|100%| O|  |TAMS 0x0000000748200000, 0x0000000748000000| Untracked 
|  77|0x0000000748200000, 0x0000000748400000, 0x0000000748400000|100%| O|  |TAMS 0x0000000748400000, 0x0000000748200000| Untracked 
|  78|0x0000000748400000, 0x0000000748600000, 0x0000000748600000|100%| O|  |TAMS 0x0000000748600000, 0x0000000748400000| Untracked 
|  79|0x0000000748600000, 0x0000000748800000, 0x0000000748800000|100%| O|  |TAMS 0x0000000748800000, 0x0000000748600000| Untracked 
|  80|0x0000000748800000, 0x0000000748a00000, 0x0000000748a00000|100%| O|  |TAMS 0x0000000748a00000, 0x0000000748800000| Untracked 
|  81|0x0000000748a00000, 0x0000000748c00000, 0x0000000748c00000|100%| O|  |TAMS 0x0000000748c00000, 0x0000000748a00000| Untracked 
|  82|0x0000000748c00000, 0x0000000748e00000, 0x0000000748e00000|100%| O|  |TAMS 0x0000000748e00000, 0x0000000748c00000| Untracked 
|  83|0x0000000748e00000, 0x0000000749000000, 0x0000000749000000|100%| O|  |TAMS 0x0000000749000000, 0x0000000748e00000| Untracked 
|  84|0x0000000749000000, 0x0000000749200000, 0x0000000749200000|100%| O|  |TAMS 0x0000000749200000, 0x0000000749000000| Untracked 
|  85|0x0000000749200000, 0x0000000749400000, 0x0000000749400000|100%| O|  |TAMS 0x0000000749400000, 0x0000000749200000| Untracked 
|  86|0x0000000749400000, 0x0000000749600000, 0x0000000749600000|100%| O|  |TAMS 0x0000000749600000, 0x0000000749400000| Untracked 
|  87|0x0000000749600000, 0x0000000749800000, 0x0000000749800000|100%| O|  |TAMS 0x0000000749800000, 0x0000000749600000| Untracked 
|  88|0x0000000749800000, 0x0000000749a00000, 0x0000000749a00000|100%| O|  |TAMS 0x0000000749a00000, 0x0000000749800000| Untracked 
|  89|0x0000000749a00000, 0x0000000749c00000, 0x0000000749c00000|100%| O|  |TAMS 0x0000000749c00000, 0x0000000749a00000| Untracked 
|  90|0x0000000749c00000, 0x0000000749e00000, 0x0000000749e00000|100%| O|  |TAMS 0x0000000749e00000, 0x0000000749c00000| Untracked 
|  91|0x0000000749e00000, 0x000000074a000000, 0x000000074a000000|100%| O|  |TAMS 0x000000074a000000, 0x0000000749e00000| Untracked 
|  92|0x000000074a000000, 0x000000074a200000, 0x000000074a200000|100%| O|  |TAMS 0x000000074a200000, 0x000000074a000000| Untracked 
|  93|0x000000074a200000, 0x000000074a400000, 0x000000074a400000|100%| O|  |TAMS 0x000000074a400000, 0x000000074a200000| Untracked 
|  94|0x000000074a400000, 0x000000074a600000, 0x000000074a600000|100%| O|  |TAMS 0x000000074a600000, 0x000000074a400000| Untracked 
|  95|0x000000074a600000, 0x000000074a800000, 0x000000074a800000|100%| O|  |TAMS 0x000000074a800000, 0x000000074a600000| Untracked 
|  96|0x000000074a800000, 0x000000074aa00000, 0x000000074aa00000|100%| O|  |TAMS 0x000000074aa00000, 0x000000074a800000| Untracked 
|  97|0x000000074aa00000, 0x000000074ac00000, 0x000000074ac00000|100%| O|  |TAMS 0x000000074ac00000, 0x000000074aa00000| Untracked 
|  98|0x000000074ac00000, 0x000000074ae00000, 0x000000074ae00000|100%| O|  |TAMS 0x000000074ae00000, 0x000000074ac00000| Untracked 
|  99|0x000000074ae00000, 0x000000074b000000, 0x000000074b000000|100%| O|  |TAMS 0x000000074b000000, 0x000000074ae00000| Untracked 
| 100|0x000000074b000000, 0x000000074b200000, 0x000000074b200000|100%| O|  |TAMS 0x000000074b200000, 0x000000074b000000| Untracked 
| 101|0x000000074b200000, 0x000000074b400000, 0x000000074b400000|100%| O|  |TAMS 0x000000074b400000, 0x000000074b200000| Untracked 
| 102|0x000000074b400000, 0x000000074b600000, 0x000000074b600000|100%| O|  |TAMS 0x000000074b600000, 0x000000074b400000| Untracked 
| 103|0x000000074b600000, 0x000000074b800000, 0x000000074b800000|100%| O|  |TAMS 0x000000074b800000, 0x000000074b600000| Untracked 
| 104|0x000000074b800000, 0x000000074ba00000, 0x000000074ba00000|100%| O|  |TAMS 0x000000074ba00000, 0x000000074b800000| Untracked 
| 105|0x000000074ba00000, 0x000000074bc00000, 0x000000074bc00000|100%| O|  |TAMS 0x000000074bc00000, 0x000000074ba00000| Untracked 
| 106|0x000000074bc00000, 0x000000074be00000, 0x000000074be00000|100%| O|  |TAMS 0x000000074be00000, 0x000000074bc00000| Untracked 
| 107|0x000000074be00000, 0x000000074c000000, 0x000000074c000000|100%| O|  |TAMS 0x000000074c000000, 0x000000074be00000| Untracked 
| 108|0x000000074c000000, 0x000000074c200000, 0x000000074c200000|100%| O|  |TAMS 0x000000074c200000, 0x000000074c000000| Untracked 
| 109|0x000000074c200000, 0x000000074c400000, 0x000000074c400000|100%| O|  |TAMS 0x000000074c400000, 0x000000074c200000| Untracked 
| 110|0x000000074c400000, 0x000000074c600000, 0x000000074c600000|100%| O|  |TAMS 0x000000074c600000, 0x000000074c400000| Untracked 
| 111|0x000000074c600000, 0x000000074c800000, 0x000000074c800000|100%| O|  |TAMS 0x000000074c800000, 0x000000074c600000| Untracked 
| 112|0x000000074c800000, 0x000000074ca00000, 0x000000074ca00000|100%| O|  |TAMS 0x000000074ca00000, 0x000000074c800000| Untracked 
| 113|0x000000074ca00000, 0x000000074cc00000, 0x000000074cc00000|100%| O|  |TAMS 0x000000074cc00000, 0x000000074ca00000| Untracked 
| 114|0x000000074cc00000, 0x000000074ce00000, 0x000000074ce00000|100%| O|  |TAMS 0x000000074ce00000, 0x000000074cc00000| Untracked 
| 115|0x000000074ce00000, 0x000000074d000000, 0x000000074d000000|100%| O|  |TAMS 0x000000074d000000, 0x000000074ce00000| Untracked 
| 116|0x000000074d000000, 0x000000074d200000, 0x000000074d200000|100%| O|  |TAMS 0x000000074d200000, 0x000000074d000000| Untracked 
| 117|0x000000074d200000, 0x000000074d400000, 0x000000074d400000|100%| O|  |TAMS 0x000000074d400000, 0x000000074d200000| Untracked 
| 118|0x000000074d400000, 0x000000074d600000, 0x000000074d600000|100%| O|  |TAMS 0x000000074d600000, 0x000000074d400000| Untracked 
| 119|0x000000074d600000, 0x000000074d800000, 0x000000074d800000|100%| O|  |TAMS 0x000000074d800000, 0x000000074d600000| Untracked 
| 120|0x000000074d800000, 0x000000074da00000, 0x000000074da00000|100%| O|  |TAMS 0x000000074da00000, 0x000000074d800000| Untracked 
| 121|0x000000074da00000, 0x000000074dc00000, 0x000000074dc00000|100%| O|  |TAMS 0x000000074dc00000, 0x000000074da00000| Untracked 
| 122|0x000000074dc00000, 0x000000074de00000, 0x000000074de00000|100%| O|  |TAMS 0x000000074de00000, 0x000000074dc00000| Untracked 
| 123|0x000000074de00000, 0x000000074e000000, 0x000000074e000000|100%| O|  |TAMS 0x000000074e000000, 0x000000074de00000| Untracked 
| 124|0x000000074e000000, 0x000000074e200000, 0x000000074e200000|100%| O|  |TAMS 0x000000074e200000, 0x000000074e000000| Untracked 
| 125|0x000000074e200000, 0x000000074e400000, 0x000000074e400000|100%| O|  |TAMS 0x000000074e400000, 0x000000074e200000| Untracked 
| 126|0x000000074e400000, 0x000000074e600000, 0x000000074e600000|100%| O|  |TAMS 0x000000074e600000, 0x000000074e400000| Untracked 
| 127|0x000000074e600000, 0x000000074e800000, 0x000000074e800000|100%| O|  |TAMS 0x000000074e800000, 0x000000074e600000| Untracked 
| 128|0x000000074e800000, 0x000000074ea00000, 0x000000074ea00000|100%| O|  |TAMS 0x000000074ea00000, 0x000000074e800000| Untracked 
| 129|0x000000074ea00000, 0x000000074ec00000, 0x000000074ec00000|100%| O|  |TAMS 0x000000074ec00000, 0x000000074ea00000| Untracked 
| 130|0x000000074ec00000, 0x000000074ee00000, 0x000000074ee00000|100%| O|  |TAMS 0x000000074ee00000, 0x000000074ec00000| Untracked 
| 131|0x000000074ee00000, 0x000000074f000000, 0x000000074f000000|100%| O|  |TAMS 0x000000074f000000, 0x000000074ee00000| Untracked 
| 132|0x000000074f000000, 0x000000074f200000, 0x000000074f200000|100%| O|  |TAMS 0x000000074f200000, 0x000000074f000000| Untracked 
| 133|0x000000074f200000, 0x000000074f400000, 0x000000074f400000|100%| O|  |TAMS 0x000000074f400000, 0x000000074f200000| Untracked 
| 134|0x000000074f400000, 0x000000074f600000, 0x000000074f600000|100%| O|  |TAMS 0x000000074f600000, 0x000000074f400000| Untracked 
| 135|0x000000074f600000, 0x000000074f800000, 0x000000074f800000|100%| O|  |TAMS 0x000000074f800000, 0x000000074f600000| Untracked 
| 136|0x000000074f800000, 0x000000074fa00000, 0x000000074fa00000|100%| O|  |TAMS 0x000000074fa00000, 0x000000074f800000| Untracked 
| 137|0x000000074fa00000, 0x000000074fc00000, 0x000000074fc00000|100%| O|  |TAMS 0x000000074fc00000, 0x000000074fa00000| Untracked 
| 138|0x000000074fc00000, 0x000000074fe00000, 0x000000074fe00000|100%| O|  |TAMS 0x000000074fe00000, 0x000000074fc00000| Untracked 
| 139|0x000000074fe00000, 0x0000000750000000, 0x0000000750000000|100%| O|  |TAMS 0x0000000750000000, 0x000000074fe00000| Untracked 
| 140|0x0000000750000000, 0x0000000750200000, 0x0000000750200000|100%| O|  |TAMS 0x0000000750200000, 0x0000000750000000| Untracked 
| 141|0x0000000750200000, 0x0000000750400000, 0x0000000750400000|100%| O|  |TAMS 0x0000000750400000, 0x0000000750200000| Untracked 
| 142|0x0000000750400000, 0x0000000750600000, 0x0000000750600000|100%| O|  |TAMS 0x0000000750600000, 0x0000000750400000| Untracked 
| 143|0x0000000750600000, 0x0000000750800000, 0x0000000750800000|100%| O|  |TAMS 0x0000000750800000, 0x0000000750600000| Untracked 
| 144|0x0000000750800000, 0x0000000750a00000, 0x0000000750a00000|100%| O|  |TAMS 0x0000000750a00000, 0x0000000750800000| Untracked 
| 145|0x0000000750a00000, 0x0000000750c00000, 0x0000000750c00000|100%| O|  |TAMS 0x0000000750c00000, 0x0000000750a00000| Untracked 
| 146|0x0000000750c00000, 0x0000000750e00000, 0x0000000750e00000|100%| O|  |TAMS 0x0000000750e00000, 0x0000000750c00000| Untracked 
| 147|0x0000000750e00000, 0x0000000751000000, 0x0000000751000000|100%| O|  |TAMS 0x0000000751000000, 0x0000000750e00000| Untracked 
| 148|0x0000000751000000, 0x0000000751200000, 0x0000000751200000|100%| O|  |TAMS 0x0000000751200000, 0x0000000751000000| Untracked 
| 149|0x0000000751200000, 0x0000000751400000, 0x0000000751400000|100%| O|  |TAMS 0x0000000751400000, 0x0000000751200000| Untracked 
| 150|0x0000000751400000, 0x0000000751600000, 0x0000000751600000|100%| O|  |TAMS 0x0000000751600000, 0x0000000751400000| Untracked 
| 151|0x0000000751600000, 0x0000000751800000, 0x0000000751800000|100%| O|  |TAMS 0x0000000751800000, 0x0000000751600000| Untracked 
| 152|0x0000000751800000, 0x0000000751a00000, 0x0000000751a00000|100%| O|  |TAMS 0x0000000751a00000, 0x0000000751800000| Untracked 
| 153|0x0000000751a00000, 0x0000000751c00000, 0x0000000751c00000|100%| O|  |TAMS 0x0000000751c00000, 0x0000000751a00000| Untracked 
| 154|0x0000000751c00000, 0x0000000751e00000, 0x0000000751e00000|100%| O|  |TAMS 0x0000000751e00000, 0x0000000751c00000| Untracked 
| 155|0x0000000751e00000, 0x0000000752000000, 0x0000000752000000|100%| O|  |TAMS 0x0000000752000000, 0x0000000751e00000| Untracked 
| 156|0x0000000752000000, 0x0000000752200000, 0x0000000752200000|100%| O|  |TAMS 0x0000000752200000, 0x0000000752000000| Untracked 
| 157|0x0000000752200000, 0x0000000752400000, 0x0000000752400000|100%| O|  |TAMS 0x0000000752400000, 0x0000000752200000| Untracked 
| 158|0x0000000752400000, 0x0000000752600000, 0x0000000752600000|100%| O|  |TAMS 0x0000000752600000, 0x0000000752400000| Untracked 
| 159|0x0000000752600000, 0x0000000752800000, 0x0000000752800000|100%| O|  |TAMS 0x0000000752800000, 0x0000000752600000| Untracked 
| 160|0x0000000752800000, 0x0000000752a00000, 0x0000000752a00000|100%| O|  |TAMS 0x0000000752a00000, 0x0000000752800000| Untracked 
| 161|0x0000000752a00000, 0x0000000752c00000, 0x0000000752c00000|100%| O|  |TAMS 0x0000000752c00000, 0x0000000752a00000| Untracked 
| 162|0x0000000752c00000, 0x0000000752e00000, 0x0000000752e00000|100%| O|  |TAMS 0x0000000752e00000, 0x0000000752c00000| Untracked 
| 163|0x0000000752e00000, 0x0000000753000000, 0x0000000753000000|100%| O|  |TAMS 0x0000000753000000, 0x0000000752e00000| Untracked 
| 164|0x0000000753000000, 0x0000000753200000, 0x0000000753200000|100%| O|  |TAMS 0x0000000753200000, 0x0000000753000000| Untracked 
| 165|0x0000000753200000, 0x0000000753400000, 0x0000000753400000|100%| O|  |TAMS 0x0000000753400000, 0x0000000753200000| Untracked 
| 166|0x0000000753400000, 0x0000000753600000, 0x0000000753600000|100%| O|  |TAMS 0x0000000753600000, 0x0000000753400000| Untracked 
| 167|0x0000000753600000, 0x0000000753800000, 0x0000000753800000|100%| O|  |TAMS 0x0000000753800000, 0x0000000753600000| Untracked 
| 168|0x0000000753800000, 0x0000000753a00000, 0x0000000753a00000|100%| O|  |TAMS 0x0000000753a00000, 0x0000000753800000| Untracked 
| 169|0x0000000753a00000, 0x0000000753c00000, 0x0000000753c00000|100%| O|  |TAMS 0x0000000753c00000, 0x0000000753a00000| Untracked 
| 170|0x0000000753c00000, 0x0000000753e00000, 0x0000000753e00000|100%| O|  |TAMS 0x0000000753e00000, 0x0000000753c00000| Untracked 
| 171|0x0000000753e00000, 0x0000000754000000, 0x0000000754000000|100%| O|  |TAMS 0x0000000754000000, 0x0000000753e00000| Untracked 
| 172|0x0000000754000000, 0x0000000754200000, 0x0000000754200000|100%| O|  |TAMS 0x0000000754200000, 0x0000000754000000| Untracked 
| 173|0x0000000754200000, 0x00000007543ffff8, 0x0000000754400000| 99%| O|  |TAMS 0x00000007543ffff8, 0x0000000754200000| Untracked 
| 174|0x0000000754400000, 0x0000000754600000, 0x0000000754600000|100%| O|  |TAMS 0x0000000754600000, 0x0000000754400000| Untracked 
| 175|0x0000000754600000, 0x0000000754800000, 0x0000000754800000|100%| O|  |TAMS 0x0000000754800000, 0x0000000754600000| Untracked 
| 176|0x0000000754800000, 0x0000000754a00000, 0x0000000754a00000|100%| O|  |TAMS 0x0000000754a00000, 0x0000000754800000| Untracked 
| 177|0x0000000754a00000, 0x0000000754c00000, 0x0000000754c00000|100%| O|  |TAMS 0x0000000754c00000, 0x0000000754a00000| Untracked 
| 178|0x0000000754c00000, 0x0000000754e00000, 0x0000000754e00000|100%| O|  |TAMS 0x0000000754e00000, 0x0000000754c00000| Untracked 
| 179|0x0000000754e00000, 0x0000000755000000, 0x0000000755000000|100%| O|  |TAMS 0x0000000755000000, 0x0000000754e00000| Untracked 
| 180|0x0000000755000000, 0x0000000755200000, 0x0000000755200000|100%| O|  |TAMS 0x0000000755200000, 0x0000000755000000| Untracked 
| 181|0x0000000755200000, 0x0000000755400000, 0x0000000755400000|100%| O|  |TAMS 0x0000000755400000, 0x0000000755200000| Untracked 
| 182|0x0000000755400000, 0x0000000755600000, 0x0000000755600000|100%| O|  |TAMS 0x0000000755600000, 0x0000000755400000| Untracked 
| 183|0x0000000755600000, 0x0000000755800000, 0x0000000755800000|100%| O|  |TAMS 0x0000000755800000, 0x0000000755600000| Untracked 
| 184|0x0000000755800000, 0x0000000755a00000, 0x0000000755a00000|100%| O|  |TAMS 0x0000000755a00000, 0x0000000755800000| Untracked 
| 185|0x0000000755a00000, 0x0000000755c00000, 0x0000000755c00000|100%| O|  |TAMS 0x0000000755c00000, 0x0000000755a00000| Untracked 
| 186|0x0000000755c00000, 0x0000000755e00000, 0x0000000755e00000|100%| O|  |TAMS 0x0000000755e00000, 0x0000000755c00000| Untracked 
| 187|0x0000000755e00000, 0x0000000756000000, 0x0000000756000000|100%| O|  |TAMS 0x0000000756000000, 0x0000000755e00000| Untracked 
| 188|0x0000000756000000, 0x0000000756200000, 0x0000000756200000|100%| O|  |TAMS 0x0000000756200000, 0x0000000756000000| Untracked 
| 189|0x0000000756200000, 0x0000000756400000, 0x0000000756400000|100%| O|  |TAMS 0x0000000756400000, 0x0000000756200000| Untracked 
| 190|0x0000000756400000, 0x0000000756600000, 0x0000000756600000|100%| O|  |TAMS 0x0000000756600000, 0x0000000756400000| Untracked 
| 191|0x0000000756600000, 0x0000000756800000, 0x0000000756800000|100%| O|  |TAMS 0x0000000756800000, 0x0000000756600000| Untracked 
| 192|0x0000000756800000, 0x0000000756a00000, 0x0000000756a00000|100%| O|  |TAMS 0x0000000756a00000, 0x0000000756800000| Untracked 
| 193|0x0000000756a00000, 0x0000000756c00000, 0x0000000756c00000|100%| O|  |TAMS 0x0000000756c00000, 0x0000000756a00000| Untracked 
| 194|0x0000000756c00000, 0x0000000756e00000, 0x0000000756e00000|100%| O|  |TAMS 0x0000000756e00000, 0x0000000756c00000| Untracked 
| 195|0x0000000756e00000, 0x0000000757000000, 0x0000000757000000|100%| O|  |TAMS 0x0000000757000000, 0x0000000756e00000| Untracked 
| 196|0x0000000757000000, 0x0000000757200000, 0x0000000757200000|100%| O|  |TAMS 0x0000000757200000, 0x0000000757000000| Untracked 
| 197|0x0000000757200000, 0x0000000757400000, 0x0000000757400000|100%| O|  |TAMS 0x0000000757400000, 0x0000000757200000| Untracked 
| 198|0x0000000757400000, 0x0000000757600000, 0x0000000757600000|100%| O|  |TAMS 0x0000000757600000, 0x0000000757400000| Untracked 
| 199|0x0000000757600000, 0x0000000757800000, 0x0000000757800000|100%| O|  |TAMS 0x0000000757800000, 0x0000000757600000| Untracked 
| 200|0x0000000757800000, 0x0000000757a00000, 0x0000000757a00000|100%| O|  |TAMS 0x0000000757a00000, 0x0000000757800000| Untracked 
| 201|0x0000000757a00000, 0x0000000757c00000, 0x0000000757c00000|100%| O|  |TAMS 0x0000000757c00000, 0x0000000757a00000| Untracked 
| 202|0x0000000757c00000, 0x0000000757e00000, 0x0000000757e00000|100%| O|  |TAMS 0x0000000757e00000, 0x0000000757c00000| Untracked 
| 203|0x0000000757e00000, 0x0000000758000000, 0x0000000758000000|100%| O|  |TAMS 0x0000000758000000, 0x0000000757e00000| Untracked 
| 204|0x0000000758000000, 0x0000000758200000, 0x0000000758200000|100%| O|  |TAMS 0x0000000758200000, 0x0000000758000000| Untracked 
| 205|0x0000000758200000, 0x0000000758400000, 0x0000000758400000|100%| O|  |TAMS 0x0000000758400000, 0x0000000758200000| Untracked 
| 206|0x0000000758400000, 0x0000000758600000, 0x0000000758600000|100%| O|  |TAMS 0x0000000758600000, 0x0000000758400000| Untracked 
| 207|0x0000000758600000, 0x0000000758800000, 0x0000000758800000|100%| O|  |TAMS 0x0000000758800000, 0x0000000758600000| Untracked 
| 208|0x0000000758800000, 0x0000000758a00000, 0x0000000758a00000|100%| O|  |TAMS 0x0000000758a00000, 0x0000000758800000| Untracked 
| 209|0x0000000758a00000, 0x0000000758c00000, 0x0000000758c00000|100%| O|  |TAMS 0x0000000758c00000, 0x0000000758a00000| Untracked 
| 210|0x0000000758c00000, 0x0000000758e00000, 0x0000000758e00000|100%| O|  |TAMS 0x0000000758e00000, 0x0000000758c00000| Untracked 
| 211|0x0000000758e00000, 0x0000000759000000, 0x0000000759000000|100%| O|  |TAMS 0x0000000759000000, 0x0000000758e00000| Untracked 
| 212|0x0000000759000000, 0x0000000759200000, 0x0000000759200000|100%| O|  |TAMS 0x0000000759200000, 0x0000000759000000| Untracked 
| 213|0x0000000759200000, 0x0000000759400000, 0x0000000759400000|100%| O|  |TAMS 0x0000000759400000, 0x0000000759200000| Untracked 
| 214|0x0000000759400000, 0x0000000759600000, 0x0000000759600000|100%| O|  |TAMS 0x0000000759600000, 0x0000000759400000| Untracked 
| 215|0x0000000759600000, 0x0000000759800000, 0x0000000759800000|100%| O|  |TAMS 0x0000000759800000, 0x0000000759600000| Untracked 
| 216|0x0000000759800000, 0x0000000759a00000, 0x0000000759a00000|100%| O|  |TAMS 0x0000000759a00000, 0x0000000759800000| Untracked 
| 217|0x0000000759a00000, 0x0000000759c00000, 0x0000000759c00000|100%| O|  |TAMS 0x0000000759c00000, 0x0000000759a00000| Untracked 
| 218|0x0000000759c00000, 0x0000000759e00000, 0x0000000759e00000|100%| O|  |TAMS 0x0000000759e00000, 0x0000000759c00000| Untracked 
| 219|0x0000000759e00000, 0x000000075a000000, 0x000000075a000000|100%| O|  |TAMS 0x000000075a000000, 0x0000000759e00000| Untracked 
| 220|0x000000075a000000, 0x000000075a200000, 0x000000075a200000|100%| O|  |TAMS 0x000000075a200000, 0x000000075a000000| Untracked 
| 221|0x000000075a200000, 0x000000075a400000, 0x000000075a400000|100%| O|  |TAMS 0x000000075a400000, 0x000000075a200000| Untracked 
| 222|0x000000075a400000, 0x000000075a600000, 0x000000075a600000|100%| O|  |TAMS 0x000000075a600000, 0x000000075a400000| Untracked 
| 223|0x000000075a600000, 0x000000075a800000, 0x000000075a800000|100%| O|  |TAMS 0x000000075a800000, 0x000000075a600000| Untracked 
| 224|0x000000075a800000, 0x000000075aa00000, 0x000000075aa00000|100%| O|  |TAMS 0x000000075aa00000, 0x000000075a800000| Untracked 
| 225|0x000000075aa00000, 0x000000075ac00000, 0x000000075ac00000|100%| O|  |TAMS 0x000000075ac00000, 0x000000075aa00000| Untracked 
| 226|0x000000075ac00000, 0x000000075ae00000, 0x000000075ae00000|100%| O|  |TAMS 0x000000075ae00000, 0x000000075ac00000| Untracked 
| 227|0x000000075ae00000, 0x000000075b000000, 0x000000075b000000|100%| O|  |TAMS 0x000000075b000000, 0x000000075ae00000| Untracked 
| 228|0x000000075b000000, 0x000000075b200000, 0x000000075b200000|100%| O|  |TAMS 0x000000075b200000, 0x000000075b000000| Untracked 
| 229|0x000000075b200000, 0x000000075b400000, 0x000000075b400000|100%| O|  |TAMS 0x000000075b400000, 0x000000075b200000| Untracked 
| 230|0x000000075b400000, 0x000000075b600000, 0x000000075b600000|100%| O|  |TAMS 0x000000075b600000, 0x000000075b400000| Untracked 
| 231|0x000000075b600000, 0x000000075b800000, 0x000000075b800000|100%| O|  |TAMS 0x000000075b800000, 0x000000075b600000| Untracked 
| 232|0x000000075b800000, 0x000000075ba00000, 0x000000075ba00000|100%| O|  |TAMS 0x000000075ba00000, 0x000000075b800000| Untracked 
| 233|0x000000075ba00000, 0x000000075bc00000, 0x000000075bc00000|100%| O|  |TAMS 0x000000075bc00000, 0x000000075ba00000| Untracked 
| 234|0x000000075bc00000, 0x000000075be00000, 0x000000075be00000|100%| O|  |TAMS 0x000000075be00000, 0x000000075bc00000| Untracked 
| 235|0x000000075be00000, 0x000000075c000000, 0x000000075c000000|100%| O|  |TAMS 0x000000075c000000, 0x000000075be00000| Untracked 
| 236|0x000000075c000000, 0x000000075c200000, 0x000000075c200000|100%| O|  |TAMS 0x000000075c200000, 0x000000075c000000| Untracked 
| 237|0x000000075c200000, 0x000000075c400000, 0x000000075c400000|100%| O|  |TAMS 0x000000075c400000, 0x000000075c200000| Untracked 
| 238|0x000000075c400000, 0x000000075c600000, 0x000000075c600000|100%| O|  |TAMS 0x000000075c600000, 0x000000075c400000| Untracked 
| 239|0x000000075c600000, 0x000000075c800000, 0x000000075c800000|100%| O|  |TAMS 0x000000075c800000, 0x000000075c600000| Untracked 
| 240|0x000000075c800000, 0x000000075ca00000, 0x000000075ca00000|100%| O|  |TAMS 0x000000075ca00000, 0x000000075c800000| Untracked 
| 241|0x000000075ca00000, 0x000000075cc00000, 0x000000075cc00000|100%| O|  |TAMS 0x000000075cc00000, 0x000000075ca00000| Untracked 
| 242|0x000000075cc00000, 0x000000075ce00000, 0x000000075ce00000|100%| O|  |TAMS 0x000000075ce00000, 0x000000075cc00000| Untracked 
| 243|0x000000075ce00000, 0x000000075d000000, 0x000000075d000000|100%| O|  |TAMS 0x000000075d000000, 0x000000075ce00000| Untracked 
| 244|0x000000075d000000, 0x000000075d200000, 0x000000075d200000|100%| O|  |TAMS 0x000000075d200000, 0x000000075d000000| Untracked 
| 245|0x000000075d200000, 0x000000075d400000, 0x000000075d400000|100%| O|  |TAMS 0x000000075d400000, 0x000000075d200000| Untracked 
| 246|0x000000075d400000, 0x000000075d600000, 0x000000075d600000|100%| O|  |TAMS 0x000000075d600000, 0x000000075d400000| Untracked 
| 247|0x000000075d600000, 0x000000075d800000, 0x000000075d800000|100%| O|  |TAMS 0x000000075d800000, 0x000000075d600000| Untracked 
| 248|0x000000075d800000, 0x000000075da00000, 0x000000075da00000|100%| O|  |TAMS 0x000000075da00000, 0x000000075d800000| Untracked 
| 249|0x000000075da00000, 0x000000075dc00000, 0x000000075dc00000|100%| O|  |TAMS 0x000000075dc00000, 0x000000075da00000| Untracked 
| 250|0x000000075dc00000, 0x000000075de00000, 0x000000075de00000|100%| O|  |TAMS 0x000000075de00000, 0x000000075dc00000| Untracked 
| 251|0x000000075de00000, 0x000000075e000000, 0x000000075e000000|100%| O|  |TAMS 0x000000075e000000, 0x000000075de00000| Untracked 
| 252|0x000000075e000000, 0x000000075e200000, 0x000000075e200000|100%| O|  |TAMS 0x000000075e200000, 0x000000075e000000| Untracked 
| 253|0x000000075e200000, 0x000000075e400000, 0x000000075e400000|100%| O|  |TAMS 0x000000075e400000, 0x000000075e200000| Untracked 
| 254|0x000000075e400000, 0x000000075e600000, 0x000000075e600000|100%| O|  |TAMS 0x000000075e600000, 0x000000075e400000| Untracked 
| 255|0x000000075e600000, 0x000000075e800000, 0x000000075e800000|100%| O|  |TAMS 0x000000075e800000, 0x000000075e600000| Untracked 
| 256|0x000000075e800000, 0x000000075ea00000, 0x000000075ea00000|100%| O|  |TAMS 0x000000075ea00000, 0x000000075e800000| Untracked 
| 257|0x000000075ea00000, 0x000000075ec00000, 0x000000075ec00000|100%| O|  |TAMS 0x000000075ec00000, 0x000000075ea00000| Untracked 
| 258|0x000000075ec00000, 0x000000075ee00000, 0x000000075ee00000|100%| O|  |TAMS 0x000000075ee00000, 0x000000075ec00000| Untracked 
| 259|0x000000075ee00000, 0x000000075f000000, 0x000000075f000000|100%| O|  |TAMS 0x000000075f000000, 0x000000075ee00000| Untracked 
| 260|0x000000075f000000, 0x000000075f200000, 0x000000075f200000|100%| O|  |TAMS 0x000000075f200000, 0x000000075f000000| Untracked 
| 261|0x000000075f200000, 0x000000075f400000, 0x000000075f400000|100%| O|  |TAMS 0x000000075f400000, 0x000000075f200000| Untracked 
| 262|0x000000075f400000, 0x000000075f600000, 0x000000075f600000|100%| O|  |TAMS 0x000000075f600000, 0x000000075f400000| Untracked 
| 263|0x000000075f600000, 0x000000075f800000, 0x000000075f800000|100%| O|  |TAMS 0x000000075f800000, 0x000000075f600000| Untracked 
| 264|0x000000075f800000, 0x000000075fa00000, 0x000000075fa00000|100%| O|  |TAMS 0x000000075fa00000, 0x000000075f800000| Untracked 
| 265|0x000000075fa00000, 0x000000075fc00000, 0x000000075fc00000|100%| O|  |TAMS 0x000000075fc00000, 0x000000075fa00000| Untracked 
| 266|0x000000075fc00000, 0x000000075fe00000, 0x000000075fe00000|100%| O|  |TAMS 0x000000075fe00000, 0x000000075fc00000| Untracked 
| 267|0x000000075fe00000, 0x0000000760000000, 0x0000000760000000|100%| O|  |TAMS 0x0000000760000000, 0x000000075fe00000| Untracked 
| 268|0x0000000760000000, 0x0000000760200000, 0x0000000760200000|100%| O|  |TAMS 0x0000000760200000, 0x0000000760000000| Untracked 
| 269|0x0000000760200000, 0x0000000760400000, 0x0000000760400000|100%| O|  |TAMS 0x0000000760400000, 0x0000000760200000| Untracked 
| 270|0x0000000760400000, 0x0000000760600000, 0x0000000760600000|100%| O|  |TAMS 0x0000000760600000, 0x0000000760400000| Untracked 
| 271|0x0000000760600000, 0x0000000760800000, 0x0000000760800000|100%| O|  |TAMS 0x0000000760800000, 0x0000000760600000| Untracked 
| 272|0x0000000760800000, 0x0000000760a00000, 0x0000000760a00000|100%| O|  |TAMS 0x0000000760a00000, 0x0000000760800000| Untracked 
| 273|0x0000000760a00000, 0x0000000760c00000, 0x0000000760c00000|100%| O|  |TAMS 0x0000000760c00000, 0x0000000760a00000| Untracked 
| 274|0x0000000760c00000, 0x0000000760e00000, 0x0000000760e00000|100%| O|  |TAMS 0x0000000760e00000, 0x0000000760c00000| Untracked 
| 275|0x0000000760e00000, 0x0000000761000000, 0x0000000761000000|100%| O|  |TAMS 0x0000000761000000, 0x0000000760e00000| Untracked 
| 276|0x0000000761000000, 0x0000000761200000, 0x0000000761200000|100%| O|  |TAMS 0x0000000761200000, 0x0000000761000000| Untracked 
| 277|0x0000000761200000, 0x0000000761400000, 0x0000000761400000|100%| O|  |TAMS 0x0000000761400000, 0x0000000761200000| Untracked 
| 278|0x0000000761400000, 0x0000000761600000, 0x0000000761600000|100%| O|  |TAMS 0x0000000761600000, 0x0000000761400000| Untracked 
| 279|0x0000000761600000, 0x0000000761800000, 0x0000000761800000|100%| O|  |TAMS 0x0000000761800000, 0x0000000761600000| Untracked 
| 280|0x0000000761800000, 0x0000000761a00000, 0x0000000761a00000|100%| O|  |TAMS 0x0000000761a00000, 0x0000000761800000| Untracked 
| 281|0x0000000761a00000, 0x0000000761c00000, 0x0000000761c00000|100%| O|  |TAMS 0x0000000761c00000, 0x0000000761a00000| Untracked 
| 282|0x0000000761c00000, 0x0000000761e00000, 0x0000000761e00000|100%| O|  |TAMS 0x0000000761e00000, 0x0000000761c00000| Untracked 
| 283|0x0000000761e00000, 0x0000000762000000, 0x0000000762000000|100%| O|  |TAMS 0x0000000762000000, 0x0000000761e00000| Untracked 
| 284|0x0000000762000000, 0x0000000762200000, 0x0000000762200000|100%| O|  |TAMS 0x0000000762200000, 0x0000000762000000| Untracked 
| 285|0x0000000762200000, 0x0000000762400000, 0x0000000762400000|100%| O|  |TAMS 0x0000000762400000, 0x0000000762200000| Untracked 
| 286|0x0000000762400000, 0x0000000762600000, 0x0000000762600000|100%| O|  |TAMS 0x0000000762600000, 0x0000000762400000| Untracked 
| 287|0x0000000762600000, 0x0000000762800000, 0x0000000762800000|100%| O|  |TAMS 0x0000000762800000, 0x0000000762600000| Untracked 
| 288|0x0000000762800000, 0x0000000762a00000, 0x0000000762a00000|100%| O|  |TAMS 0x0000000762a00000, 0x0000000762800000| Untracked 
| 289|0x0000000762a00000, 0x0000000762c00000, 0x0000000762c00000|100%| O|  |TAMS 0x0000000762c00000, 0x0000000762a00000| Untracked 
| 290|0x0000000762c00000, 0x0000000762e00000, 0x0000000762e00000|100%| O|  |TAMS 0x0000000762e00000, 0x0000000762c00000| Untracked 
| 291|0x0000000762e00000, 0x0000000763000000, 0x0000000763000000|100%| O|  |TAMS 0x0000000763000000, 0x0000000762e00000| Untracked 
| 292|0x0000000763000000, 0x0000000763200000, 0x0000000763200000|100%| O|  |TAMS 0x0000000763200000, 0x0000000763000000| Untracked 
| 293|0x0000000763200000, 0x0000000763400000, 0x0000000763400000|100%| O|  |TAMS 0x0000000763400000, 0x0000000763200000| Untracked 
| 294|0x0000000763400000, 0x0000000763600000, 0x0000000763600000|100%| O|  |TAMS 0x0000000763600000, 0x0000000763400000| Untracked 
| 295|0x0000000763600000, 0x0000000763800000, 0x0000000763800000|100%| O|  |TAMS 0x0000000763800000, 0x0000000763600000| Untracked 
| 296|0x0000000763800000, 0x0000000763a00000, 0x0000000763a00000|100%| O|  |TAMS 0x0000000763a00000, 0x0000000763800000| Untracked 
| 297|0x0000000763a00000, 0x0000000763c00000, 0x0000000763c00000|100%| O|  |TAMS 0x0000000763c00000, 0x0000000763a00000| Untracked 
| 298|0x0000000763c00000, 0x0000000763e00000, 0x0000000763e00000|100%| O|  |TAMS 0x0000000763e00000, 0x0000000763c00000| Untracked 
| 299|0x0000000763e00000, 0x0000000764000000, 0x0000000764000000|100%| O|  |TAMS 0x0000000764000000, 0x0000000763e00000| Untracked 
| 300|0x0000000764000000, 0x0000000764200000, 0x0000000764200000|100%| O|  |TAMS 0x0000000764200000, 0x0000000764000000| Untracked 
| 301|0x0000000764200000, 0x0000000764400000, 0x0000000764400000|100%| O|  |TAMS 0x0000000764400000, 0x0000000764200000| Untracked 
| 302|0x0000000764400000, 0x0000000764600000, 0x0000000764600000|100%| O|  |TAMS 0x0000000764600000, 0x0000000764400000| Untracked 
| 303|0x0000000764600000, 0x0000000764800000, 0x0000000764800000|100%| O|  |TAMS 0x0000000764800000, 0x0000000764600000| Untracked 
| 304|0x0000000764800000, 0x0000000764a00000, 0x0000000764a00000|100%| O|  |TAMS 0x0000000764a00000, 0x0000000764800000| Untracked 
| 305|0x0000000764a00000, 0x0000000764c00000, 0x0000000764c00000|100%| O|  |TAMS 0x0000000764c00000, 0x0000000764a00000| Untracked 
| 306|0x0000000764c00000, 0x0000000764e00000, 0x0000000764e00000|100%| O|  |TAMS 0x0000000764e00000, 0x0000000764c00000| Untracked 
| 307|0x0000000764e00000, 0x0000000765000000, 0x0000000765000000|100%| O|  |TAMS 0x0000000765000000, 0x0000000764e00000| Untracked 
| 308|0x0000000765000000, 0x0000000765200000, 0x0000000765200000|100%| O|  |TAMS 0x0000000765200000, 0x0000000765000000| Untracked 
| 309|0x0000000765200000, 0x0000000765400000, 0x0000000765400000|100%| O|  |TAMS 0x0000000765400000, 0x0000000765200000| Untracked 
| 310|0x0000000765400000, 0x0000000765600000, 0x0000000765600000|100%| O|  |TAMS 0x0000000765600000, 0x0000000765400000| Untracked 
| 311|0x0000000765600000, 0x0000000765800000, 0x0000000765800000|100%| O|  |TAMS 0x0000000765800000, 0x0000000765600000| Untracked 
| 312|0x0000000765800000, 0x0000000765a00000, 0x0000000765a00000|100%| O|  |TAMS 0x0000000765a00000, 0x0000000765800000| Untracked 
| 313|0x0000000765a00000, 0x0000000765c00000, 0x0000000765c00000|100%| O|  |TAMS 0x0000000765c00000, 0x0000000765a00000| Untracked 
| 314|0x0000000765c00000, 0x0000000765e00000, 0x0000000765e00000|100%| O|  |TAMS 0x0000000765e00000, 0x0000000765c00000| Untracked 
| 315|0x0000000765e00000, 0x0000000766000000, 0x0000000766000000|100%| O|  |TAMS 0x0000000766000000, 0x0000000765e00000| Untracked 
| 316|0x0000000766000000, 0x0000000766200000, 0x0000000766200000|100%| O|  |TAMS 0x0000000766200000, 0x0000000766000000| Untracked 
| 317|0x0000000766200000, 0x0000000766400000, 0x0000000766400000|100%| O|  |TAMS 0x0000000766400000, 0x0000000766200000| Untracked 
| 318|0x0000000766400000, 0x0000000766600000, 0x0000000766600000|100%| O|  |TAMS 0x0000000766600000, 0x0000000766400000| Untracked 
| 319|0x0000000766600000, 0x0000000766800000, 0x0000000766800000|100%| O|  |TAMS 0x0000000766800000, 0x0000000766600000| Untracked 
| 320|0x0000000766800000, 0x0000000766a00000, 0x0000000766a00000|100%| O|  |TAMS 0x0000000766a00000, 0x0000000766800000| Untracked 
| 321|0x0000000766a00000, 0x0000000766c00000, 0x0000000766c00000|100%| O|  |TAMS 0x0000000766c00000, 0x0000000766a00000| Untracked 
| 322|0x0000000766c00000, 0x0000000766e00000, 0x0000000766e00000|100%| O|  |TAMS 0x0000000766e00000, 0x0000000766c00000| Untracked 
| 323|0x0000000766e00000, 0x0000000767000000, 0x0000000767000000|100%| O|  |TAMS 0x0000000767000000, 0x0000000766e00000| Untracked 
| 324|0x0000000767000000, 0x0000000767200000, 0x0000000767200000|100%| O|  |TAMS 0x0000000767200000, 0x0000000767000000| Untracked 
| 325|0x0000000767200000, 0x0000000767400000, 0x0000000767400000|100%| O|  |TAMS 0x0000000767400000, 0x0000000767200000| Untracked 
| 326|0x0000000767400000, 0x0000000767600000, 0x0000000767600000|100%| O|  |TAMS 0x0000000767600000, 0x0000000767400000| Untracked 
| 327|0x0000000767600000, 0x0000000767800000, 0x0000000767800000|100%| O|  |TAMS 0x0000000767800000, 0x0000000767600000| Untracked 
| 328|0x0000000767800000, 0x0000000767a00000, 0x0000000767a00000|100%| O|  |TAMS 0x0000000767a00000, 0x0000000767800000| Untracked 
| 329|0x0000000767a00000, 0x0000000767c00000, 0x0000000767c00000|100%| O|  |TAMS 0x0000000767c00000, 0x0000000767a00000| Untracked 
| 330|0x0000000767c00000, 0x0000000767e00000, 0x0000000767e00000|100%| O|  |TAMS 0x0000000767e00000, 0x0000000767c00000| Untracked 
| 331|0x0000000767e00000, 0x0000000768000000, 0x0000000768000000|100%| O|  |TAMS 0x0000000768000000, 0x0000000767e00000| Untracked 
| 332|0x0000000768000000, 0x0000000768200000, 0x0000000768200000|100%| O|  |TAMS 0x0000000768200000, 0x0000000768000000| Untracked 
| 333|0x0000000768200000, 0x0000000768400000, 0x0000000768400000|100%| O|  |TAMS 0x0000000768400000, 0x0000000768200000| Untracked 
| 334|0x0000000768400000, 0x0000000768600000, 0x0000000768600000|100%| O|  |TAMS 0x0000000768600000, 0x0000000768400000| Untracked 
| 335|0x0000000768600000, 0x0000000768800000, 0x0000000768800000|100%| O|  |TAMS 0x0000000768800000, 0x0000000768600000| Untracked 
| 336|0x0000000768800000, 0x0000000768a00000, 0x0000000768a00000|100%| O|  |TAMS 0x0000000768a00000, 0x0000000768800000| Untracked 
| 337|0x0000000768a00000, 0x0000000768c00000, 0x0000000768c00000|100%| O|  |TAMS 0x0000000768c00000, 0x0000000768a00000| Untracked 
| 338|0x0000000768c00000, 0x0000000768e00000, 0x0000000768e00000|100%| O|  |TAMS 0x0000000768e00000, 0x0000000768c00000| Untracked 
| 339|0x0000000768e00000, 0x0000000769000000, 0x0000000769000000|100%| O|  |TAMS 0x0000000769000000, 0x0000000768e00000| Untracked 
| 340|0x0000000769000000, 0x0000000769200000, 0x0000000769200000|100%| O|  |TAMS 0x0000000769200000, 0x0000000769000000| Untracked 
| 341|0x0000000769200000, 0x0000000769400000, 0x0000000769400000|100%| O|  |TAMS 0x0000000769400000, 0x0000000769200000| Untracked 
| 342|0x0000000769400000, 0x0000000769600000, 0x0000000769600000|100%| O|  |TAMS 0x0000000769600000, 0x0000000769400000| Untracked 
| 343|0x0000000769600000, 0x0000000769800000, 0x0000000769800000|100%| O|  |TAMS 0x0000000769800000, 0x0000000769600000| Untracked 
| 344|0x0000000769800000, 0x0000000769a00000, 0x0000000769a00000|100%| O|  |TAMS 0x0000000769a00000, 0x0000000769800000| Untracked 
| 345|0x0000000769a00000, 0x0000000769c00000, 0x0000000769c00000|100%| O|  |TAMS 0x0000000769c00000, 0x0000000769a00000| Untracked 
| 346|0x0000000769c00000, 0x0000000769e00000, 0x0000000769e00000|100%| O|  |TAMS 0x0000000769e00000, 0x0000000769c00000| Untracked 
| 347|0x0000000769e00000, 0x000000076a000000, 0x000000076a000000|100%| O|  |TAMS 0x000000076a000000, 0x0000000769e00000| Untracked 
| 348|0x000000076a000000, 0x000000076a200000, 0x000000076a200000|100%| O|  |TAMS 0x000000076a200000, 0x000000076a000000| Untracked 
| 349|0x000000076a200000, 0x000000076a400000, 0x000000076a400000|100%| O|  |TAMS 0x000000076a400000, 0x000000076a200000| Untracked 
| 350|0x000000076a400000, 0x000000076a600000, 0x000000076a600000|100%| O|  |TAMS 0x000000076a600000, 0x000000076a400000| Untracked 
| 351|0x000000076a600000, 0x000000076a800000, 0x000000076a800000|100%| O|  |TAMS 0x000000076a800000, 0x000000076a600000| Untracked 
| 352|0x000000076a800000, 0x000000076aa00000, 0x000000076aa00000|100%| O|  |TAMS 0x000000076aa00000, 0x000000076a800000| Untracked 
| 353|0x000000076aa00000, 0x000000076ac00000, 0x000000076ac00000|100%| O|  |TAMS 0x000000076ac00000, 0x000000076aa00000| Untracked 
| 354|0x000000076ac00000, 0x000000076ae00000, 0x000000076ae00000|100%| O|  |TAMS 0x000000076ae00000, 0x000000076ac00000| Untracked 
| 355|0x000000076ae00000, 0x000000076b000000, 0x000000076b000000|100%| O|  |TAMS 0x000000076b000000, 0x000000076ae00000| Untracked 
| 356|0x000000076b000000, 0x000000076b200000, 0x000000076b200000|100%| O|  |TAMS 0x000000076b200000, 0x000000076b000000| Untracked 
| 357|0x000000076b200000, 0x000000076b400000, 0x000000076b400000|100%| O|  |TAMS 0x000000076b400000, 0x000000076b200000| Untracked 
| 358|0x000000076b400000, 0x000000076b600000, 0x000000076b600000|100%| O|  |TAMS 0x000000076b600000, 0x000000076b400000| Untracked 
| 359|0x000000076b600000, 0x000000076b800000, 0x000000076b800000|100%| O|  |TAMS 0x000000076b800000, 0x000000076b600000| Untracked 
| 360|0x000000076b800000, 0x000000076ba00000, 0x000000076ba00000|100%| O|  |TAMS 0x000000076ba00000, 0x000000076b800000| Untracked 
| 361|0x000000076ba00000, 0x000000076bc00000, 0x000000076bc00000|100%| O|  |TAMS 0x000000076bc00000, 0x000000076ba00000| Untracked 
| 362|0x000000076bc00000, 0x000000076be00000, 0x000000076be00000|100%| O|  |TAMS 0x000000076be00000, 0x000000076bc00000| Untracked 
| 363|0x000000076be00000, 0x000000076c000000, 0x000000076c000000|100%| O|  |TAMS 0x000000076c000000, 0x000000076be00000| Untracked 
| 364|0x000000076c000000, 0x000000076c200000, 0x000000076c200000|100%| O|  |TAMS 0x000000076c200000, 0x000000076c000000| Untracked 
| 365|0x000000076c200000, 0x000000076c400000, 0x000000076c400000|100%| O|  |TAMS 0x000000076c400000, 0x000000076c200000| Untracked 
| 366|0x000000076c400000, 0x000000076c600000, 0x000000076c600000|100%| O|  |TAMS 0x000000076c600000, 0x000000076c400000| Untracked 
| 367|0x000000076c600000, 0x000000076c800000, 0x000000076c800000|100%| O|  |TAMS 0x000000076c800000, 0x000000076c600000| Untracked 
| 368|0x000000076c800000, 0x000000076ca00000, 0x000000076ca00000|100%| O|  |TAMS 0x000000076ca00000, 0x000000076c800000| Untracked 
| 369|0x000000076ca00000, 0x000000076cc00000, 0x000000076cc00000|100%| O|  |TAMS 0x000000076cc00000, 0x000000076ca00000| Untracked 
| 370|0x000000076cc00000, 0x000000076ce00000, 0x000000076ce00000|100%| O|  |TAMS 0x000000076ce00000, 0x000000076cc00000| Untracked 
| 371|0x000000076ce00000, 0x000000076d000000, 0x000000076d000000|100%| O|  |TAMS 0x000000076d000000, 0x000000076ce00000| Untracked 
| 372|0x000000076d000000, 0x000000076d200000, 0x000000076d200000|100%| O|  |TAMS 0x000000076d200000, 0x000000076d000000| Untracked 
| 373|0x000000076d200000, 0x000000076d400000, 0x000000076d400000|100%| O|  |TAMS 0x000000076d400000, 0x000000076d200000| Untracked 
| 374|0x000000076d400000, 0x000000076d600000, 0x000000076d600000|100%| O|  |TAMS 0x000000076d600000, 0x000000076d400000| Untracked 
| 375|0x000000076d600000, 0x000000076d800000, 0x000000076d800000|100%| O|  |TAMS 0x000000076d800000, 0x000000076d600000| Untracked 
| 376|0x000000076d800000, 0x000000076da00000, 0x000000076da00000|100%| O|  |TAMS 0x000000076da00000, 0x000000076d800000| Untracked 
| 377|0x000000076da00000, 0x000000076dc00000, 0x000000076dc00000|100%| O|  |TAMS 0x000000076dc00000, 0x000000076da00000| Untracked 
| 378|0x000000076dc00000, 0x000000076de00000, 0x000000076de00000|100%| O|  |TAMS 0x000000076de00000, 0x000000076dc00000| Untracked 
| 379|0x000000076de00000, 0x000000076e000000, 0x000000076e000000|100%| O|  |TAMS 0x000000076e000000, 0x000000076de00000| Untracked 
| 380|0x000000076e000000, 0x000000076e200000, 0x000000076e200000|100%| O|  |TAMS 0x000000076e200000, 0x000000076e000000| Untracked 
| 381|0x000000076e200000, 0x000000076e400000, 0x000000076e400000|100%| O|  |TAMS 0x000000076e400000, 0x000000076e200000| Untracked 
| 382|0x000000076e400000, 0x000000076e600000, 0x000000076e600000|100%| O|  |TAMS 0x000000076e600000, 0x000000076e400000| Untracked 
| 383|0x000000076e600000, 0x000000076e800000, 0x000000076e800000|100%| O|  |TAMS 0x000000076e800000, 0x000000076e600000| Untracked 
| 384|0x000000076e800000, 0x000000076ea00000, 0x000000076ea00000|100%| O|  |TAMS 0x000000076ea00000, 0x000000076e800000| Untracked 
| 385|0x000000076ea00000, 0x000000076ec00000, 0x000000076ec00000|100%| O|  |TAMS 0x000000076ec00000, 0x000000076ea00000| Untracked 
| 386|0x000000076ec00000, 0x000000076ee00000, 0x000000076ee00000|100%| O|  |TAMS 0x000000076ee00000, 0x000000076ec00000| Untracked 
| 387|0x000000076ee00000, 0x000000076f000000, 0x000000076f000000|100%| O|  |TAMS 0x000000076f000000, 0x000000076ee00000| Untracked 
| 388|0x000000076f000000, 0x000000076f200000, 0x000000076f200000|100%| O|  |TAMS 0x000000076f200000, 0x000000076f000000| Untracked 
| 389|0x000000076f200000, 0x000000076f400000, 0x000000076f400000|100%| O|  |TAMS 0x000000076f400000, 0x000000076f200000| Untracked 
| 390|0x000000076f400000, 0x000000076f600000, 0x000000076f600000|100%| O|  |TAMS 0x000000076f600000, 0x000000076f400000| Untracked 
| 391|0x000000076f600000, 0x000000076f800000, 0x000000076f800000|100%| O|  |TAMS 0x000000076f800000, 0x000000076f600000| Untracked 
| 392|0x000000076f800000, 0x000000076fa00000, 0x000000076fa00000|100%| O|  |TAMS 0x000000076fa00000, 0x000000076f800000| Untracked 
| 393|0x000000076fa00000, 0x000000076fc00000, 0x000000076fc00000|100%| O|  |TAMS 0x000000076fc00000, 0x000000076fa00000| Untracked 
| 394|0x000000076fc00000, 0x000000076fe00000, 0x000000076fe00000|100%| O|  |TAMS 0x000000076fe00000, 0x000000076fc00000| Untracked 
| 395|0x000000076fe00000, 0x0000000770000000, 0x0000000770000000|100%| O|  |TAMS 0x0000000770000000, 0x000000076fe00000| Untracked 
| 396|0x0000000770000000, 0x0000000770200000, 0x0000000770200000|100%| O|  |TAMS 0x0000000770200000, 0x0000000770000000| Untracked 
| 397|0x0000000770200000, 0x0000000770400000, 0x0000000770400000|100%| O|  |TAMS 0x0000000770400000, 0x0000000770200000| Untracked 
| 398|0x0000000770400000, 0x0000000770600000, 0x0000000770600000|100%| O|  |TAMS 0x0000000770600000, 0x0000000770400000| Untracked 
| 399|0x0000000770600000, 0x0000000770800000, 0x0000000770800000|100%| O|  |TAMS 0x0000000770800000, 0x0000000770600000| Untracked 
| 400|0x0000000770800000, 0x0000000770a00000, 0x0000000770a00000|100%| O|  |TAMS 0x0000000770a00000, 0x0000000770800000| Untracked 
| 401|0x0000000770a00000, 0x0000000770c00000, 0x0000000770c00000|100%| O|  |TAMS 0x0000000770c00000, 0x0000000770a00000| Untracked 
| 402|0x0000000770c00000, 0x0000000770e00000, 0x0000000770e00000|100%| O|  |TAMS 0x0000000770e00000, 0x0000000770c00000| Untracked 
| 403|0x0000000770e00000, 0x0000000771000000, 0x0000000771000000|100%| O|  |TAMS 0x0000000771000000, 0x0000000770e00000| Untracked 
| 404|0x0000000771000000, 0x0000000771200000, 0x0000000771200000|100%| O|  |TAMS 0x0000000771200000, 0x0000000771000000| Untracked 
| 405|0x0000000771200000, 0x0000000771400000, 0x0000000771400000|100%| O|  |TAMS 0x0000000771400000, 0x0000000771200000| Untracked 
| 406|0x0000000771400000, 0x0000000771600000, 0x0000000771600000|100%| O|  |TAMS 0x0000000771600000, 0x0000000771400000| Untracked 
| 407|0x0000000771600000, 0x0000000771800000, 0x0000000771800000|100%| O|  |TAMS 0x0000000771800000, 0x0000000771600000| Untracked 
| 408|0x0000000771800000, 0x0000000771a00000, 0x0000000771a00000|100%| O|  |TAMS 0x0000000771a00000, 0x0000000771800000| Untracked 
| 409|0x0000000771a00000, 0x0000000771c00000, 0x0000000771c00000|100%| O|  |TAMS 0x0000000771c00000, 0x0000000771a00000| Untracked 
| 410|0x0000000771c00000, 0x0000000771e00000, 0x0000000771e00000|100%| O|  |TAMS 0x0000000771e00000, 0x0000000771c00000| Untracked 
| 411|0x0000000771e00000, 0x0000000772000000, 0x0000000772000000|100%| O|  |TAMS 0x0000000772000000, 0x0000000771e00000| Untracked 
| 412|0x0000000772000000, 0x0000000772200000, 0x0000000772200000|100%| O|  |TAMS 0x0000000772200000, 0x0000000772000000| Untracked 
| 413|0x0000000772200000, 0x0000000772400000, 0x0000000772400000|100%| O|  |TAMS 0x0000000772400000, 0x0000000772200000| Untracked 
| 414|0x0000000772400000, 0x0000000772600000, 0x0000000772600000|100%| O|  |TAMS 0x0000000772600000, 0x0000000772400000| Untracked 
| 415|0x0000000772600000, 0x0000000772800000, 0x0000000772800000|100%| O|  |TAMS 0x0000000772800000, 0x0000000772600000| Untracked 
| 416|0x0000000772800000, 0x0000000772a00000, 0x0000000772a00000|100%| O|  |TAMS 0x0000000772a00000, 0x0000000772800000| Untracked 
| 417|0x0000000772a00000, 0x0000000772c00000, 0x0000000772c00000|100%| O|  |TAMS 0x0000000772c00000, 0x0000000772a00000| Untracked 
| 418|0x0000000772c00000, 0x0000000772e00000, 0x0000000772e00000|100%| O|  |TAMS 0x0000000772e00000, 0x0000000772c00000| Untracked 
| 419|0x0000000772e00000, 0x0000000773000000, 0x0000000773000000|100%| O|  |TAMS 0x0000000773000000, 0x0000000772e00000| Untracked 
| 420|0x0000000773000000, 0x0000000773200000, 0x0000000773200000|100%| O|  |TAMS 0x0000000773200000, 0x0000000773000000| Untracked 
| 421|0x0000000773200000, 0x0000000773400000, 0x0000000773400000|100%| O|  |TAMS 0x0000000773400000, 0x0000000773200000| Untracked 
| 422|0x0000000773400000, 0x0000000773600000, 0x0000000773600000|100%| O|  |TAMS 0x0000000773600000, 0x0000000773400000| Untracked 
| 423|0x0000000773600000, 0x0000000773800000, 0x0000000773800000|100%| O|  |TAMS 0x0000000773800000, 0x0000000773600000| Untracked 
| 424|0x0000000773800000, 0x0000000773a00000, 0x0000000773a00000|100%| O|  |TAMS 0x0000000773a00000, 0x0000000773800000| Untracked 
| 425|0x0000000773a00000, 0x0000000773c00000, 0x0000000773c00000|100%| O|  |TAMS 0x0000000773c00000, 0x0000000773a00000| Untracked 
| 426|0x0000000773c00000, 0x0000000773e00000, 0x0000000773e00000|100%| O|  |TAMS 0x0000000773e00000, 0x0000000773c00000| Untracked 
| 427|0x0000000773e00000, 0x0000000774000000, 0x0000000774000000|100%| O|  |TAMS 0x0000000774000000, 0x0000000773e00000| Untracked 
| 428|0x0000000774000000, 0x0000000774200000, 0x0000000774200000|100%| O|  |TAMS 0x0000000774200000, 0x0000000774000000| Untracked 
| 429|0x0000000774200000, 0x0000000774400000, 0x0000000774400000|100%| O|  |TAMS 0x0000000774400000, 0x0000000774200000| Untracked 
| 430|0x0000000774400000, 0x0000000774600000, 0x0000000774600000|100%| O|  |TAMS 0x0000000774600000, 0x0000000774400000| Untracked 
| 431|0x0000000774600000, 0x0000000774800000, 0x0000000774800000|100%| O|  |TAMS 0x0000000774800000, 0x0000000774600000| Untracked 
| 432|0x0000000774800000, 0x0000000774a00000, 0x0000000774a00000|100%| O|  |TAMS 0x0000000774a00000, 0x0000000774800000| Untracked 
| 433|0x0000000774a00000, 0x0000000774c00000, 0x0000000774c00000|100%| O|  |TAMS 0x0000000774c00000, 0x0000000774a00000| Untracked 
| 434|0x0000000774c00000, 0x0000000774e00000, 0x0000000774e00000|100%| O|  |TAMS 0x0000000774e00000, 0x0000000774c00000| Untracked 
| 435|0x0000000774e00000, 0x0000000775000000, 0x0000000775000000|100%| O|  |TAMS 0x0000000775000000, 0x0000000774e00000| Untracked 
| 436|0x0000000775000000, 0x0000000775200000, 0x0000000775200000|100%| O|  |TAMS 0x0000000775200000, 0x0000000775000000| Untracked 
| 437|0x0000000775200000, 0x0000000775400000, 0x0000000775400000|100%| O|  |TAMS 0x0000000775400000, 0x0000000775200000| Untracked 
| 438|0x0000000775400000, 0x0000000775600000, 0x0000000775600000|100%| O|  |TAMS 0x0000000775600000, 0x0000000775400000| Untracked 
| 439|0x0000000775600000, 0x0000000775800000, 0x0000000775800000|100%| O|  |TAMS 0x0000000775800000, 0x0000000775600000| Untracked 
| 440|0x0000000775800000, 0x0000000775a00000, 0x0000000775a00000|100%| O|  |TAMS 0x0000000775a00000, 0x0000000775800000| Untracked 
| 441|0x0000000775a00000, 0x0000000775c00000, 0x0000000775c00000|100%| O|  |TAMS 0x0000000775c00000, 0x0000000775a00000| Untracked 
| 442|0x0000000775c00000, 0x0000000775e00000, 0x0000000775e00000|100%| O|  |TAMS 0x0000000775e00000, 0x0000000775c00000| Untracked 
| 443|0x0000000775e00000, 0x0000000776000000, 0x0000000776000000|100%| O|  |TAMS 0x0000000776000000, 0x0000000775e00000| Untracked 
| 444|0x0000000776000000, 0x0000000776200000, 0x0000000776200000|100%| O|  |TAMS 0x0000000776200000, 0x0000000776000000| Untracked 
| 445|0x0000000776200000, 0x0000000776400000, 0x0000000776400000|100%| O|  |TAMS 0x0000000776400000, 0x0000000776200000| Untracked 
| 446|0x0000000776400000, 0x0000000776600000, 0x0000000776600000|100%| O|  |TAMS 0x0000000776600000, 0x0000000776400000| Untracked 
| 447|0x0000000776600000, 0x0000000776800000, 0x0000000776800000|100%| O|  |TAMS 0x0000000776800000, 0x0000000776600000| Untracked 
| 448|0x0000000776800000, 0x0000000776a00000, 0x0000000776a00000|100%| O|  |TAMS 0x0000000776a00000, 0x0000000776800000| Untracked 
| 449|0x0000000776a00000, 0x0000000776c00000, 0x0000000776c00000|100%| O|  |TAMS 0x0000000776c00000, 0x0000000776a00000| Untracked 
| 450|0x0000000776c00000, 0x0000000776e00000, 0x0000000776e00000|100%| O|  |TAMS 0x0000000776e00000, 0x0000000776c00000| Untracked 
| 451|0x0000000776e00000, 0x0000000777000000, 0x0000000777000000|100%| O|  |TAMS 0x0000000777000000, 0x0000000776e00000| Untracked 
| 452|0x0000000777000000, 0x0000000777200000, 0x0000000777200000|100%| O|  |TAMS 0x0000000777200000, 0x0000000777000000| Untracked 
| 453|0x0000000777200000, 0x0000000777400000, 0x0000000777400000|100%| O|  |TAMS 0x0000000777400000, 0x0000000777200000| Untracked 
| 454|0x0000000777400000, 0x0000000777600000, 0x0000000777600000|100%| O|  |TAMS 0x0000000777600000, 0x0000000777400000| Untracked 
| 455|0x0000000777600000, 0x0000000777800000, 0x0000000777800000|100%| O|  |TAMS 0x0000000777800000, 0x0000000777600000| Untracked 
| 456|0x0000000777800000, 0x0000000777a00000, 0x0000000777a00000|100%| O|  |TAMS 0x0000000777a00000, 0x0000000777800000| Untracked 
| 457|0x0000000777a00000, 0x0000000777c00000, 0x0000000777c00000|100%| O|  |TAMS 0x0000000777c00000, 0x0000000777a00000| Untracked 
| 458|0x0000000777c00000, 0x0000000777e00000, 0x0000000777e00000|100%| O|  |TAMS 0x0000000777e00000, 0x0000000777c00000| Untracked 
| 459|0x0000000777e00000, 0x0000000778000000, 0x0000000778000000|100%| O|  |TAMS 0x0000000778000000, 0x0000000777e00000| Untracked 
| 460|0x0000000778000000, 0x0000000778200000, 0x0000000778200000|100%| O|  |TAMS 0x0000000778200000, 0x0000000778000000| Untracked 
| 461|0x0000000778200000, 0x0000000778400000, 0x0000000778400000|100%| O|  |TAMS 0x0000000778400000, 0x0000000778200000| Untracked 
| 462|0x0000000778400000, 0x0000000778600000, 0x0000000778600000|100%| O|  |TAMS 0x0000000778600000, 0x0000000778400000| Untracked 
| 463|0x0000000778600000, 0x0000000778800000, 0x0000000778800000|100%| O|  |TAMS 0x0000000778800000, 0x0000000778600000| Untracked 
| 464|0x0000000778800000, 0x0000000778a00000, 0x0000000778a00000|100%| O|  |TAMS 0x0000000778a00000, 0x0000000778800000| Untracked 
| 465|0x0000000778a00000, 0x0000000778c00000, 0x0000000778c00000|100%| O|  |TAMS 0x0000000778c00000, 0x0000000778a00000| Untracked 
| 466|0x0000000778c00000, 0x0000000778e00000, 0x0000000778e00000|100%| O|  |TAMS 0x0000000778e00000, 0x0000000778c00000| Untracked 
| 467|0x0000000778e00000, 0x0000000779000000, 0x0000000779000000|100%| O|  |TAMS 0x0000000779000000, 0x0000000778e00000| Untracked 
| 468|0x0000000779000000, 0x0000000779200000, 0x0000000779200000|100%| O|  |TAMS 0x0000000779200000, 0x0000000779000000| Untracked 
| 469|0x0000000779200000, 0x0000000779400000, 0x0000000779400000|100%| O|  |TAMS 0x0000000779400000, 0x0000000779200000| Untracked 
| 470|0x0000000779400000, 0x0000000779600000, 0x0000000779600000|100%| O|  |TAMS 0x0000000779600000, 0x0000000779400000| Untracked 
| 471|0x0000000779600000, 0x0000000779800000, 0x0000000779800000|100%| O|  |TAMS 0x0000000779800000, 0x0000000779600000| Untracked 
| 472|0x0000000779800000, 0x0000000779a00000, 0x0000000779a00000|100%| O|  |TAMS 0x0000000779a00000, 0x0000000779800000| Untracked 
| 473|0x0000000779a00000, 0x0000000779c00000, 0x0000000779c00000|100%| O|  |TAMS 0x0000000779c00000, 0x0000000779a00000| Untracked 
| 474|0x0000000779c00000, 0x0000000779e00000, 0x0000000779e00000|100%| O|  |TAMS 0x0000000779e00000, 0x0000000779c00000| Untracked 
| 475|0x0000000779e00000, 0x000000077a000000, 0x000000077a000000|100%| O|  |TAMS 0x000000077a000000, 0x0000000779e00000| Untracked 
| 476|0x000000077a000000, 0x000000077a200000, 0x000000077a200000|100%| O|  |TAMS 0x000000077a200000, 0x000000077a000000| Untracked 
| 477|0x000000077a200000, 0x000000077a400000, 0x000000077a400000|100%| O|  |TAMS 0x000000077a400000, 0x000000077a200000| Untracked 
| 478|0x000000077a400000, 0x000000077a600000, 0x000000077a600000|100%| O|  |TAMS 0x000000077a600000, 0x000000077a400000| Untracked 
| 479|0x000000077a600000, 0x000000077a800000, 0x000000077a800000|100%| O|  |TAMS 0x000000077a800000, 0x000000077a600000| Untracked 
| 480|0x000000077a800000, 0x000000077aa00000, 0x000000077aa00000|100%| O|  |TAMS 0x000000077aa00000, 0x000000077a800000| Untracked 
| 481|0x000000077aa00000, 0x000000077ac00000, 0x000000077ac00000|100%| O|  |TAMS 0x000000077ac00000, 0x000000077aa00000| Untracked 
| 482|0x000000077ac00000, 0x000000077ae00000, 0x000000077ae00000|100%| O|  |TAMS 0x000000077ae00000, 0x000000077ac00000| Untracked 
| 483|0x000000077ae00000, 0x000000077b000000, 0x000000077b000000|100%| O|  |TAMS 0x000000077b000000, 0x000000077ae00000| Untracked 
| 484|0x000000077b000000, 0x000000077b200000, 0x000000077b200000|100%| O|  |TAMS 0x000000077b200000, 0x000000077b000000| Untracked 
| 485|0x000000077b200000, 0x000000077b400000, 0x000000077b400000|100%| O|  |TAMS 0x000000077b400000, 0x000000077b200000| Untracked 
| 486|0x000000077b400000, 0x000000077b600000, 0x000000077b600000|100%| O|  |TAMS 0x000000077b600000, 0x000000077b400000| Untracked 
| 487|0x000000077b600000, 0x000000077b800000, 0x000000077b800000|100%| O|  |TAMS 0x000000077b800000, 0x000000077b600000| Untracked 
| 488|0x000000077b800000, 0x000000077ba00000, 0x000000077ba00000|100%| O|  |TAMS 0x000000077ba00000, 0x000000077b800000| Untracked 
| 489|0x000000077ba00000, 0x000000077bc00000, 0x000000077bc00000|100%| O|  |TAMS 0x000000077bc00000, 0x000000077ba00000| Untracked 
| 490|0x000000077bc00000, 0x000000077be00000, 0x000000077be00000|100%| O|  |TAMS 0x000000077be00000, 0x000000077bc00000| Untracked 
| 491|0x000000077be00000, 0x000000077c000000, 0x000000077c000000|100%| O|  |TAMS 0x000000077c000000, 0x000000077be00000| Untracked 
| 492|0x000000077c000000, 0x000000077c200000, 0x000000077c200000|100%| O|  |TAMS 0x000000077c200000, 0x000000077c000000| Untracked 
| 493|0x000000077c200000, 0x000000077c400000, 0x000000077c400000|100%| O|  |TAMS 0x000000077c400000, 0x000000077c200000| Untracked 
| 494|0x000000077c400000, 0x000000077c600000, 0x000000077c600000|100%| O|  |TAMS 0x000000077c600000, 0x000000077c400000| Untracked 
| 495|0x000000077c600000, 0x000000077c800000, 0x000000077c800000|100%| O|  |TAMS 0x000000077c800000, 0x000000077c600000| Untracked 
| 496|0x000000077c800000, 0x000000077ca00000, 0x000000077ca00000|100%| O|  |TAMS 0x000000077ca00000, 0x000000077c800000| Untracked 
| 497|0x000000077ca00000, 0x000000077cc00000, 0x000000077cc00000|100%| O|  |TAMS 0x000000077cc00000, 0x000000077ca00000| Untracked 
| 498|0x000000077cc00000, 0x000000077ce00000, 0x000000077ce00000|100%| O|  |TAMS 0x000000077ce00000, 0x000000077cc00000| Untracked 
| 499|0x000000077ce00000, 0x000000077d000000, 0x000000077d000000|100%| O|  |TAMS 0x000000077d000000, 0x000000077ce00000| Untracked 
| 500|0x000000077d000000, 0x000000077d200000, 0x000000077d200000|100%| O|  |TAMS 0x000000077d200000, 0x000000077d000000| Untracked 
| 501|0x000000077d200000, 0x000000077d400000, 0x000000077d400000|100%| O|  |TAMS 0x000000077d400000, 0x000000077d200000| Untracked 
| 502|0x000000077d400000, 0x000000077d600000, 0x000000077d600000|100%| O|  |TAMS 0x000000077d600000, 0x000000077d400000| Untracked 
| 503|0x000000077d600000, 0x000000077d800000, 0x000000077d800000|100%| O|  |TAMS 0x000000077d800000, 0x000000077d600000| Untracked 
| 504|0x000000077d800000, 0x000000077da00000, 0x000000077da00000|100%| O|  |TAMS 0x000000077da00000, 0x000000077d800000| Untracked 
| 505|0x000000077da00000, 0x000000077dc00000, 0x000000077dc00000|100%| O|  |TAMS 0x000000077dc00000, 0x000000077da00000| Untracked 
| 506|0x000000077dc00000, 0x000000077de00000, 0x000000077de00000|100%| O|  |TAMS 0x000000077de00000, 0x000000077dc00000| Untracked 
| 507|0x000000077de00000, 0x000000077e000000, 0x000000077e000000|100%| O|  |TAMS 0x000000077e000000, 0x000000077de00000| Untracked 
| 508|0x000000077e000000, 0x000000077e200000, 0x000000077e200000|100%| O|  |TAMS 0x000000077e200000, 0x000000077e000000| Untracked 
| 509|0x000000077e200000, 0x000000077e400000, 0x000000077e400000|100%| O|  |TAMS 0x000000077e400000, 0x000000077e200000| Untracked 
| 510|0x000000077e400000, 0x000000077e600000, 0x000000077e600000|100%| O|  |TAMS 0x000000077e600000, 0x000000077e400000| Untracked 
| 511|0x000000077e600000, 0x000000077e800000, 0x000000077e800000|100%| O|  |TAMS 0x000000077e800000, 0x000000077e600000| Untracked 
| 512|0x000000077e800000, 0x000000077ea00000, 0x000000077ea00000|100%| O|  |TAMS 0x000000077ea00000, 0x000000077e800000| Untracked 
| 513|0x000000077ea00000, 0x000000077ec00000, 0x000000077ec00000|100%| O|  |TAMS 0x000000077ec00000, 0x000000077ea00000| Untracked 
| 514|0x000000077ec00000, 0x000000077ee00000, 0x000000077ee00000|100%| O|  |TAMS 0x000000077ee00000, 0x000000077ec00000| Untracked 
| 515|0x000000077ee00000, 0x000000077f000000, 0x000000077f000000|100%| O|  |TAMS 0x000000077f000000, 0x000000077ee00000| Untracked 
| 516|0x000000077f000000, 0x000000077f200000, 0x000000077f200000|100%| O|  |TAMS 0x000000077f200000, 0x000000077f000000| Untracked 
| 517|0x000000077f200000, 0x000000077f400000, 0x000000077f400000|100%| O|  |TAMS 0x000000077f400000, 0x000000077f200000| Untracked 
| 518|0x000000077f400000, 0x000000077f600000, 0x000000077f600000|100%| O|  |TAMS 0x000000077f600000, 0x000000077f400000| Untracked 
| 519|0x000000077f600000, 0x000000077f800000, 0x000000077f800000|100%| O|  |TAMS 0x000000077f800000, 0x000000077f600000| Untracked 
| 520|0x000000077f800000, 0x000000077fa00000, 0x000000077fa00000|100%| O|  |TAMS 0x000000077fa00000, 0x000000077f800000| Untracked 
| 521|0x000000077fa00000, 0x000000077fc00000, 0x000000077fc00000|100%| O|  |TAMS 0x000000077fc00000, 0x000000077fa00000| Untracked 
| 522|0x000000077fc00000, 0x000000077fe00000, 0x000000077fe00000|100%| O|  |TAMS 0x000000077fe00000, 0x000000077fc00000| Untracked 
| 523|0x000000077fe00000, 0x0000000780000000, 0x0000000780000000|100%| O|  |TAMS 0x0000000780000000, 0x000000077fe00000| Untracked 
| 524|0x0000000780000000, 0x0000000780200000, 0x0000000780200000|100%| O|  |TAMS 0x0000000780200000, 0x0000000780000000| Untracked 
| 525|0x0000000780200000, 0x0000000780400000, 0x0000000780400000|100%| O|  |TAMS 0x0000000780400000, 0x0000000780200000| Untracked 
| 526|0x0000000780400000, 0x0000000780600000, 0x0000000780600000|100%| O|  |TAMS 0x0000000780600000, 0x0000000780400000| Untracked 
| 527|0x0000000780600000, 0x0000000780800000, 0x0000000780800000|100%| O|  |TAMS 0x0000000780800000, 0x0000000780600000| Untracked 
| 528|0x0000000780800000, 0x0000000780a00000, 0x0000000780a00000|100%| O|  |TAMS 0x0000000780a00000, 0x0000000780800000| Untracked 
| 529|0x0000000780a00000, 0x0000000780c00000, 0x0000000780c00000|100%| O|  |TAMS 0x0000000780c00000, 0x0000000780a00000| Untracked 
| 530|0x0000000780c00000, 0x0000000780e00000, 0x0000000780e00000|100%| O|  |TAMS 0x0000000780e00000, 0x0000000780c00000| Untracked 
| 531|0x0000000780e00000, 0x0000000781000000, 0x0000000781000000|100%| O|  |TAMS 0x0000000781000000, 0x0000000780e00000| Untracked 
| 532|0x0000000781000000, 0x0000000781200000, 0x0000000781200000|100%| O|  |TAMS 0x0000000781200000, 0x0000000781000000| Untracked 
| 533|0x0000000781200000, 0x0000000781400000, 0x0000000781400000|100%| O|  |TAMS 0x0000000781400000, 0x0000000781200000| Untracked 
| 534|0x0000000781400000, 0x0000000781600000, 0x0000000781600000|100%| O|  |TAMS 0x0000000781600000, 0x0000000781400000| Untracked 
| 535|0x0000000781600000, 0x0000000781800000, 0x0000000781800000|100%| O|  |TAMS 0x0000000781800000, 0x0000000781600000| Untracked 
| 536|0x0000000781800000, 0x0000000781a00000, 0x0000000781a00000|100%| O|  |TAMS 0x0000000781a00000, 0x0000000781800000| Untracked 
| 537|0x0000000781a00000, 0x0000000781c00000, 0x0000000781c00000|100%| O|  |TAMS 0x0000000781c00000, 0x0000000781a00000| Untracked 
| 538|0x0000000781c00000, 0x0000000781e00000, 0x0000000781e00000|100%| O|  |TAMS 0x0000000781e00000, 0x0000000781c00000| Untracked 
| 539|0x0000000781e00000, 0x0000000782000000, 0x0000000782000000|100%| O|  |TAMS 0x0000000782000000, 0x0000000781e00000| Untracked 
| 540|0x0000000782000000, 0x0000000782200000, 0x0000000782200000|100%| O|  |TAMS 0x0000000782200000, 0x0000000782000000| Untracked 
| 541|0x0000000782200000, 0x0000000782400000, 0x0000000782400000|100%| O|  |TAMS 0x0000000782400000, 0x0000000782200000| Untracked 
| 542|0x0000000782400000, 0x0000000782600000, 0x0000000782600000|100%| O|  |TAMS 0x0000000782600000, 0x0000000782400000| Untracked 
| 543|0x0000000782600000, 0x0000000782800000, 0x0000000782800000|100%| O|  |TAMS 0x0000000782800000, 0x0000000782600000| Untracked 
| 544|0x0000000782800000, 0x0000000782a00000, 0x0000000782a00000|100%| O|  |TAMS 0x0000000782a00000, 0x0000000782800000| Untracked 
| 545|0x0000000782a00000, 0x0000000782c00000, 0x0000000782c00000|100%| O|  |TAMS 0x0000000782c00000, 0x0000000782a00000| Untracked 
| 546|0x0000000782c00000, 0x0000000782e00000, 0x0000000782e00000|100%| O|  |TAMS 0x0000000782e00000, 0x0000000782c00000| Untracked 
| 547|0x0000000782e00000, 0x0000000783000000, 0x0000000783000000|100%| O|  |TAMS 0x0000000783000000, 0x0000000782e00000| Untracked 
| 548|0x0000000783000000, 0x0000000783200000, 0x0000000783200000|100%| O|  |TAMS 0x0000000783200000, 0x0000000783000000| Untracked 
| 549|0x0000000783200000, 0x0000000783400000, 0x0000000783400000|100%| O|  |TAMS 0x0000000783400000, 0x0000000783200000| Untracked 
| 550|0x0000000783400000, 0x0000000783600000, 0x0000000783600000|100%| O|  |TAMS 0x0000000783600000, 0x0000000783400000| Untracked 
| 551|0x0000000783600000, 0x0000000783800000, 0x0000000783800000|100%| O|  |TAMS 0x0000000783800000, 0x0000000783600000| Untracked 
| 552|0x0000000783800000, 0x0000000783a00000, 0x0000000783a00000|100%| O|  |TAMS 0x0000000783a00000, 0x0000000783800000| Untracked 
| 553|0x0000000783a00000, 0x0000000783c00000, 0x0000000783c00000|100%| O|  |TAMS 0x0000000783c00000, 0x0000000783a00000| Untracked 
| 554|0x0000000783c00000, 0x0000000783e00000, 0x0000000783e00000|100%| O|  |TAMS 0x0000000783e00000, 0x0000000783c00000| Untracked 
| 555|0x0000000783e00000, 0x0000000784000000, 0x0000000784000000|100%| O|  |TAMS 0x0000000784000000, 0x0000000783e00000| Untracked 
| 556|0x0000000784000000, 0x0000000784200000, 0x0000000784200000|100%| O|  |TAMS 0x0000000784200000, 0x0000000784000000| Untracked 
| 557|0x0000000784200000, 0x0000000784400000, 0x0000000784400000|100%| O|  |TAMS 0x0000000784400000, 0x0000000784200000| Untracked 
| 558|0x0000000784400000, 0x0000000784600000, 0x0000000784600000|100%| O|  |TAMS 0x0000000784600000, 0x0000000784400000| Untracked 
| 559|0x0000000784600000, 0x0000000784800000, 0x0000000784800000|100%| O|  |TAMS 0x0000000784800000, 0x0000000784600000| Untracked 
| 560|0x0000000784800000, 0x0000000784a00000, 0x0000000784a00000|100%| O|  |TAMS 0x0000000784a00000, 0x0000000784800000| Untracked 
| 561|0x0000000784a00000, 0x0000000784c00000, 0x0000000784c00000|100%| O|  |TAMS 0x0000000784c00000, 0x0000000784a00000| Untracked 
| 562|0x0000000784c00000, 0x0000000784e00000, 0x0000000784e00000|100%| O|  |TAMS 0x0000000784e00000, 0x0000000784c00000| Untracked 
| 563|0x0000000784e00000, 0x0000000785000000, 0x0000000785000000|100%| O|  |TAMS 0x0000000785000000, 0x0000000784e00000| Untracked 
| 564|0x0000000785000000, 0x0000000785200000, 0x0000000785200000|100%| O|  |TAMS 0x0000000785200000, 0x0000000785000000| Untracked 
| 565|0x0000000785200000, 0x0000000785400000, 0x0000000785400000|100%| O|  |TAMS 0x0000000785400000, 0x0000000785200000| Untracked 
| 566|0x0000000785400000, 0x0000000785600000, 0x0000000785600000|100%| O|  |TAMS 0x0000000785600000, 0x0000000785400000| Untracked 
| 567|0x0000000785600000, 0x0000000785800000, 0x0000000785800000|100%| O|  |TAMS 0x0000000785800000, 0x0000000785600000| Untracked 
| 568|0x0000000785800000, 0x0000000785a00000, 0x0000000785a00000|100%| O|  |TAMS 0x0000000785a00000, 0x0000000785800000| Untracked 
| 569|0x0000000785a00000, 0x0000000785c00000, 0x0000000785c00000|100%| O|  |TAMS 0x0000000785c00000, 0x0000000785a00000| Untracked 
| 570|0x0000000785c00000, 0x0000000785e00000, 0x0000000785e00000|100%| O|  |TAMS 0x0000000785e00000, 0x0000000785c00000| Untracked 
| 571|0x0000000785e00000, 0x0000000786000000, 0x0000000786000000|100%| O|  |TAMS 0x0000000786000000, 0x0000000785e00000| Untracked 
| 572|0x0000000786000000, 0x0000000786200000, 0x0000000786200000|100%| O|  |TAMS 0x0000000786200000, 0x0000000786000000| Untracked 
| 573|0x0000000786200000, 0x0000000786400000, 0x0000000786400000|100%| O|  |TAMS 0x0000000786400000, 0x0000000786200000| Untracked 
| 574|0x0000000786400000, 0x0000000786600000, 0x0000000786600000|100%| O|  |TAMS 0x0000000786600000, 0x0000000786400000| Untracked 
| 575|0x0000000786600000, 0x0000000786800000, 0x0000000786800000|100%| O|  |TAMS 0x0000000786800000, 0x0000000786600000| Untracked 
| 576|0x0000000786800000, 0x0000000786a00000, 0x0000000786a00000|100%| O|  |TAMS 0x0000000786a00000, 0x0000000786800000| Untracked 
| 577|0x0000000786a00000, 0x0000000786c00000, 0x0000000786c00000|100%| O|  |TAMS 0x0000000786c00000, 0x0000000786a00000| Untracked 
| 578|0x0000000786c00000, 0x0000000786e00000, 0x0000000786e00000|100%| O|  |TAMS 0x0000000786e00000, 0x0000000786c00000| Untracked 
| 579|0x0000000786e00000, 0x0000000787000000, 0x0000000787000000|100%| O|  |TAMS 0x0000000787000000, 0x0000000786e00000| Untracked 
| 580|0x0000000787000000, 0x0000000787200000, 0x0000000787200000|100%| O|  |TAMS 0x0000000787200000, 0x0000000787000000| Untracked 
| 581|0x0000000787200000, 0x0000000787400000, 0x0000000787400000|100%| O|  |TAMS 0x0000000787400000, 0x0000000787200000| Untracked 
| 582|0x0000000787400000, 0x0000000787600000, 0x0000000787600000|100%| O|  |TAMS 0x0000000787600000, 0x0000000787400000| Untracked 
| 583|0x0000000787600000, 0x0000000787800000, 0x0000000787800000|100%| O|  |TAMS 0x0000000787800000, 0x0000000787600000| Untracked 
| 584|0x0000000787800000, 0x0000000787a00000, 0x0000000787a00000|100%| O|  |TAMS 0x0000000787a00000, 0x0000000787800000| Untracked 
| 585|0x0000000787a00000, 0x0000000787c00000, 0x0000000787c00000|100%| O|  |TAMS 0x0000000787c00000, 0x0000000787a00000| Untracked 
| 586|0x0000000787c00000, 0x0000000787e00000, 0x0000000787e00000|100%| O|  |TAMS 0x0000000787e00000, 0x0000000787c00000| Untracked 
| 587|0x0000000787e00000, 0x0000000788000000, 0x0000000788000000|100%| O|  |TAMS 0x0000000788000000, 0x0000000787e00000| Untracked 
| 588|0x0000000788000000, 0x0000000788200000, 0x0000000788200000|100%| O|  |TAMS 0x0000000788200000, 0x0000000788000000| Untracked 
| 589|0x0000000788200000, 0x0000000788400000, 0x0000000788400000|100%| O|  |TAMS 0x0000000788400000, 0x0000000788200000| Untracked 
| 590|0x0000000788400000, 0x0000000788600000, 0x0000000788600000|100%| O|  |TAMS 0x0000000788600000, 0x0000000788400000| Untracked 
| 591|0x0000000788600000, 0x0000000788800000, 0x0000000788800000|100%| O|  |TAMS 0x0000000788800000, 0x0000000788600000| Untracked 
| 592|0x0000000788800000, 0x0000000788a00000, 0x0000000788a00000|100%| O|  |TAMS 0x0000000788a00000, 0x0000000788800000| Untracked 
| 593|0x0000000788a00000, 0x0000000788c00000, 0x0000000788c00000|100%| O|  |TAMS 0x0000000788c00000, 0x0000000788a00000| Untracked 
| 594|0x0000000788c00000, 0x0000000788e00000, 0x0000000788e00000|100%| O|  |TAMS 0x0000000788e00000, 0x0000000788c00000| Untracked 
| 595|0x0000000788e00000, 0x0000000788fffff8, 0x0000000789000000| 99%| O|  |TAMS 0x0000000788fffff8, 0x0000000788e00000| Untracked 
| 596|0x0000000789000000, 0x0000000789200000, 0x0000000789200000|100%| O|  |TAMS 0x0000000789200000, 0x0000000789000000| Untracked 
| 597|0x0000000789200000, 0x0000000789400000, 0x0000000789400000|100%| O|  |TAMS 0x0000000789400000, 0x0000000789200000| Untracked 
| 598|0x0000000789400000, 0x0000000789600000, 0x0000000789600000|100%| O|  |TAMS 0x0000000789600000, 0x0000000789400000| Untracked 
| 599|0x0000000789600000, 0x0000000789800000, 0x0000000789800000|100%| O|  |TAMS 0x0000000789800000, 0x0000000789600000| Untracked 
| 600|0x0000000789800000, 0x0000000789a00000, 0x0000000789a00000|100%| O|  |TAMS 0x0000000789a00000, 0x0000000789800000| Untracked 
| 601|0x0000000789a00000, 0x0000000789c00000, 0x0000000789c00000|100%| O|  |TAMS 0x0000000789c00000, 0x0000000789a00000| Untracked 
| 602|0x0000000789c00000, 0x0000000789e00000, 0x0000000789e00000|100%| O|  |TAMS 0x0000000789e00000, 0x0000000789c00000| Untracked 
| 603|0x0000000789e00000, 0x000000078a000000, 0x000000078a000000|100%| O|  |TAMS 0x000000078a000000, 0x0000000789e00000| Untracked 
| 604|0x000000078a000000, 0x000000078a200000, 0x000000078a200000|100%| O|  |TAMS 0x000000078a200000, 0x000000078a000000| Untracked 
| 605|0x000000078a200000, 0x000000078a400000, 0x000000078a400000|100%| O|  |TAMS 0x000000078a400000, 0x000000078a200000| Untracked 
| 606|0x000000078a400000, 0x000000078a600000, 0x000000078a600000|100%| O|  |TAMS 0x000000078a600000, 0x000000078a400000| Untracked 
| 607|0x000000078a600000, 0x000000078a800000, 0x000000078a800000|100%| O|  |TAMS 0x000000078a800000, 0x000000078a600000| Untracked 
| 608|0x000000078a800000, 0x000000078aa00000, 0x000000078aa00000|100%| O|  |TAMS 0x000000078aa00000, 0x000000078a800000| Untracked 
| 609|0x000000078aa00000, 0x000000078ac00000, 0x000000078ac00000|100%| O|  |TAMS 0x000000078ac00000, 0x000000078aa00000| Untracked 
| 610|0x000000078ac00000, 0x000000078ae00000, 0x000000078ae00000|100%| O|  |TAMS 0x000000078ae00000, 0x000000078ac00000| Untracked 
| 611|0x000000078ae00000, 0x000000078b000000, 0x000000078b000000|100%| O|  |TAMS 0x000000078b000000, 0x000000078ae00000| Untracked 
| 612|0x000000078b000000, 0x000000078b200000, 0x000000078b200000|100%| O|  |TAMS 0x000000078b200000, 0x000000078b000000| Untracked 
| 613|0x000000078b200000, 0x000000078b400000, 0x000000078b400000|100%| O|  |TAMS 0x000000078b400000, 0x000000078b200000| Untracked 
| 614|0x000000078b400000, 0x000000078b600000, 0x000000078b600000|100%| O|  |TAMS 0x000000078b600000, 0x000000078b400000| Untracked 
| 615|0x000000078b600000, 0x000000078b800000, 0x000000078b800000|100%| O|  |TAMS 0x000000078b800000, 0x000000078b600000| Untracked 
| 616|0x000000078b800000, 0x000000078ba00000, 0x000000078ba00000|100%| O|  |TAMS 0x000000078ba00000, 0x000000078b800000| Untracked 
| 617|0x000000078ba00000, 0x000000078bc00000, 0x000000078bc00000|100%| O|  |TAMS 0x000000078bc00000, 0x000000078ba00000| Untracked 
| 618|0x000000078bc00000, 0x000000078be00000, 0x000000078be00000|100%| O|  |TAMS 0x000000078be00000, 0x000000078bc00000| Untracked 
| 619|0x000000078be00000, 0x000000078c000000, 0x000000078c000000|100%| O|  |TAMS 0x000000078c000000, 0x000000078be00000| Untracked 
| 620|0x000000078c000000, 0x000000078c200000, 0x000000078c200000|100%| O|  |TAMS 0x000000078c200000, 0x000000078c000000| Untracked 
| 621|0x000000078c200000, 0x000000078c400000, 0x000000078c400000|100%| O|  |TAMS 0x000000078c400000, 0x000000078c200000| Untracked 
| 622|0x000000078c400000, 0x000000078c600000, 0x000000078c600000|100%| O|  |TAMS 0x000000078c600000, 0x000000078c400000| Untracked 
| 623|0x000000078c600000, 0x000000078c800000, 0x000000078c800000|100%| O|  |TAMS 0x000000078c800000, 0x000000078c600000| Untracked 
| 624|0x000000078c800000, 0x000000078ca00000, 0x000000078ca00000|100%| O|  |TAMS 0x000000078ca00000, 0x000000078c800000| Untracked 
| 625|0x000000078ca00000, 0x000000078cc00000, 0x000000078cc00000|100%| O|  |TAMS 0x000000078cc00000, 0x000000078ca00000| Untracked 
| 626|0x000000078cc00000, 0x000000078ce00000, 0x000000078ce00000|100%| O|  |TAMS 0x000000078ce00000, 0x000000078cc00000| Untracked 
| 627|0x000000078ce00000, 0x000000078d000000, 0x000000078d000000|100%| O|  |TAMS 0x000000078d000000, 0x000000078ce00000| Untracked 
| 628|0x000000078d000000, 0x000000078d200000, 0x000000078d200000|100%| O|  |TAMS 0x000000078d200000, 0x000000078d000000| Untracked 
| 629|0x000000078d200000, 0x000000078d400000, 0x000000078d400000|100%| O|  |TAMS 0x000000078d400000, 0x000000078d200000| Untracked 
| 630|0x000000078d400000, 0x000000078d600000, 0x000000078d600000|100%| O|  |TAMS 0x000000078d600000, 0x000000078d400000| Untracked 
| 631|0x000000078d600000, 0x000000078d800000, 0x000000078d800000|100%| O|  |TAMS 0x000000078d800000, 0x000000078d600000| Untracked 
| 632|0x000000078d800000, 0x000000078da00000, 0x000000078da00000|100%| O|  |TAMS 0x000000078da00000, 0x000000078d800000| Untracked 
| 633|0x000000078da00000, 0x000000078dc00000, 0x000000078dc00000|100%| O|  |TAMS 0x000000078dc00000, 0x000000078da00000| Untracked 
| 634|0x000000078dc00000, 0x000000078de00000, 0x000000078de00000|100%| O|  |TAMS 0x000000078de00000, 0x000000078dc00000| Untracked 
| 635|0x000000078de00000, 0x000000078e000000, 0x000000078e000000|100%| O|  |TAMS 0x000000078e000000, 0x000000078de00000| Untracked 
| 636|0x000000078e000000, 0x000000078e200000, 0x000000078e200000|100%| O|  |TAMS 0x000000078e200000, 0x000000078e000000| Untracked 
| 637|0x000000078e200000, 0x000000078e400000, 0x000000078e400000|100%| O|  |TAMS 0x000000078e400000, 0x000000078e200000| Untracked 
| 638|0x000000078e400000, 0x000000078e600000, 0x000000078e600000|100%| O|  |TAMS 0x000000078e600000, 0x000000078e400000| Untracked 
| 639|0x000000078e600000, 0x000000078e800000, 0x000000078e800000|100%| O|  |TAMS 0x000000078e800000, 0x000000078e600000| Untracked 
| 640|0x000000078e800000, 0x000000078ea00000, 0x000000078ea00000|100%| O|  |TAMS 0x000000078ea00000, 0x000000078e800000| Untracked 
| 641|0x000000078ea00000, 0x000000078ec00000, 0x000000078ec00000|100%| O|  |TAMS 0x000000078ec00000, 0x000000078ea00000| Untracked 
| 642|0x000000078ec00000, 0x000000078ee00000, 0x000000078ee00000|100%| O|  |TAMS 0x000000078ee00000, 0x000000078ec00000| Untracked 
| 643|0x000000078ee00000, 0x000000078f000000, 0x000000078f000000|100%| O|  |TAMS 0x000000078f000000, 0x000000078ee00000| Untracked 
| 644|0x000000078f000000, 0x000000078f200000, 0x000000078f200000|100%| O|  |TAMS 0x000000078f200000, 0x000000078f000000| Untracked 
| 645|0x000000078f200000, 0x000000078f400000, 0x000000078f400000|100%| O|  |TAMS 0x000000078f400000, 0x000000078f200000| Untracked 
| 646|0x000000078f400000, 0x000000078f600000, 0x000000078f600000|100%| O|  |TAMS 0x000000078f600000, 0x000000078f400000| Untracked 
| 647|0x000000078f600000, 0x000000078f800000, 0x000000078f800000|100%| O|  |TAMS 0x000000078f800000, 0x000000078f600000| Untracked 
| 648|0x000000078f800000, 0x000000078fa00000, 0x000000078fa00000|100%| O|  |TAMS 0x000000078fa00000, 0x000000078f800000| Untracked 
| 649|0x000000078fa00000, 0x000000078fc00000, 0x000000078fc00000|100%| O|  |TAMS 0x000000078fc00000, 0x000000078fa00000| Untracked 
| 650|0x000000078fc00000, 0x000000078fe00000, 0x000000078fe00000|100%| O|  |TAMS 0x000000078fe00000, 0x000000078fc00000| Untracked 
| 651|0x000000078fe00000, 0x0000000790000000, 0x0000000790000000|100%| O|  |TAMS 0x0000000790000000, 0x000000078fe00000| Untracked 
| 652|0x0000000790000000, 0x0000000790200000, 0x0000000790200000|100%| O|  |TAMS 0x0000000790200000, 0x0000000790000000| Untracked 
| 653|0x0000000790200000, 0x0000000790400000, 0x0000000790400000|100%| O|  |TAMS 0x0000000790400000, 0x0000000790200000| Untracked 
| 654|0x0000000790400000, 0x0000000790600000, 0x0000000790600000|100%| O|  |TAMS 0x0000000790600000, 0x0000000790400000| Untracked 
| 655|0x0000000790600000, 0x0000000790800000, 0x0000000790800000|100%| O|  |TAMS 0x0000000790800000, 0x0000000790600000| Untracked 
| 656|0x0000000790800000, 0x0000000790a00000, 0x0000000790a00000|100%| O|  |TAMS 0x0000000790a00000, 0x0000000790800000| Untracked 
| 657|0x0000000790a00000, 0x0000000790c00000, 0x0000000790c00000|100%| O|  |TAMS 0x0000000790c00000, 0x0000000790a00000| Untracked 
| 658|0x0000000790c00000, 0x0000000790e00000, 0x0000000790e00000|100%| O|  |TAMS 0x0000000790e00000, 0x0000000790c00000| Untracked 
| 659|0x0000000790e00000, 0x0000000791000000, 0x0000000791000000|100%| O|  |TAMS 0x0000000791000000, 0x0000000790e00000| Untracked 
| 660|0x0000000791000000, 0x0000000791200000, 0x0000000791200000|100%| O|  |TAMS 0x0000000791200000, 0x0000000791000000| Untracked 
| 661|0x0000000791200000, 0x0000000791400000, 0x0000000791400000|100%| O|  |TAMS 0x0000000791400000, 0x0000000791200000| Untracked 
| 662|0x0000000791400000, 0x0000000791600000, 0x0000000791600000|100%| O|  |TAMS 0x0000000791600000, 0x0000000791400000| Untracked 
| 663|0x0000000791600000, 0x0000000791800000, 0x0000000791800000|100%| O|  |TAMS 0x0000000791800000, 0x0000000791600000| Untracked 
| 664|0x0000000791800000, 0x0000000791a00000, 0x0000000791a00000|100%| O|  |TAMS 0x0000000791a00000, 0x0000000791800000| Untracked 
| 665|0x0000000791a00000, 0x0000000791c00000, 0x0000000791c00000|100%| O|  |TAMS 0x0000000791c00000, 0x0000000791a00000| Untracked 
| 666|0x0000000791c00000, 0x0000000791e00000, 0x0000000791e00000|100%| O|  |TAMS 0x0000000791e00000, 0x0000000791c00000| Untracked 
| 667|0x0000000791e00000, 0x0000000792000000, 0x0000000792000000|100%| O|  |TAMS 0x0000000792000000, 0x0000000791e00000| Untracked 
| 668|0x0000000792000000, 0x0000000792200000, 0x0000000792200000|100%| O|  |TAMS 0x0000000792200000, 0x0000000792000000| Untracked 
| 669|0x0000000792200000, 0x0000000792400000, 0x0000000792400000|100%| O|  |TAMS 0x0000000792400000, 0x0000000792200000| Untracked 
| 670|0x0000000792400000, 0x0000000792600000, 0x0000000792600000|100%| O|  |TAMS 0x0000000792600000, 0x0000000792400000| Untracked 
| 671|0x0000000792600000, 0x0000000792800000, 0x0000000792800000|100%| O|  |TAMS 0x0000000792800000, 0x0000000792600000| Untracked 
| 672|0x0000000792800000, 0x0000000792a00000, 0x0000000792a00000|100%| O|  |TAMS 0x0000000792a00000, 0x0000000792800000| Untracked 
| 673|0x0000000792a00000, 0x0000000792c00000, 0x0000000792c00000|100%| O|  |TAMS 0x0000000792c00000, 0x0000000792a00000| Untracked 
| 674|0x0000000792c00000, 0x0000000792e00000, 0x0000000792e00000|100%| O|  |TAMS 0x0000000792e00000, 0x0000000792c00000| Untracked 
| 675|0x0000000792e00000, 0x0000000793000000, 0x0000000793000000|100%| O|  |TAMS 0x0000000793000000, 0x0000000792e00000| Untracked 
| 676|0x0000000793000000, 0x0000000793200000, 0x0000000793200000|100%| O|  |TAMS 0x0000000793200000, 0x0000000793000000| Untracked 
| 677|0x0000000793200000, 0x0000000793400000, 0x0000000793400000|100%| O|  |TAMS 0x0000000793400000, 0x0000000793200000| Untracked 
| 678|0x0000000793400000, 0x0000000793600000, 0x0000000793600000|100%| O|  |TAMS 0x0000000793600000, 0x0000000793400000| Untracked 
| 679|0x0000000793600000, 0x0000000793800000, 0x0000000793800000|100%| O|  |TAMS 0x0000000793800000, 0x0000000793600000| Untracked 
| 680|0x0000000793800000, 0x0000000793a00000, 0x0000000793a00000|100%| O|  |TAMS 0x0000000793a00000, 0x0000000793800000| Untracked 
| 681|0x0000000793a00000, 0x0000000793c00000, 0x0000000793c00000|100%| O|  |TAMS 0x0000000793c00000, 0x0000000793a00000| Untracked 
| 682|0x0000000793c00000, 0x0000000793e00000, 0x0000000793e00000|100%| O|  |TAMS 0x0000000793e00000, 0x0000000793c00000| Untracked 
| 683|0x0000000793e00000, 0x0000000794000000, 0x0000000794000000|100%| O|  |TAMS 0x0000000794000000, 0x0000000793e00000| Untracked 
| 684|0x0000000794000000, 0x0000000794200000, 0x0000000794200000|100%| O|  |TAMS 0x0000000794200000, 0x0000000794000000| Untracked 
| 685|0x0000000794200000, 0x0000000794400000, 0x0000000794400000|100%| O|  |TAMS 0x0000000794400000, 0x0000000794200000| Untracked 
| 686|0x0000000794400000, 0x0000000794600000, 0x0000000794600000|100%| O|  |TAMS 0x0000000794600000, 0x0000000794400000| Untracked 
| 687|0x0000000794600000, 0x0000000794800000, 0x0000000794800000|100%| O|  |TAMS 0x0000000794800000, 0x0000000794600000| Untracked 
| 688|0x0000000794800000, 0x0000000794a00000, 0x0000000794a00000|100%| O|  |TAMS 0x0000000794a00000, 0x0000000794800000| Untracked 
| 689|0x0000000794a00000, 0x0000000794c00000, 0x0000000794c00000|100%| O|  |TAMS 0x0000000794c00000, 0x0000000794a00000| Untracked 
| 690|0x0000000794c00000, 0x0000000794e00000, 0x0000000794e00000|100%| O|  |TAMS 0x0000000794e00000, 0x0000000794c00000| Untracked 
| 691|0x0000000794e00000, 0x0000000795000000, 0x0000000795000000|100%| O|  |TAMS 0x0000000795000000, 0x0000000794e00000| Untracked 
| 692|0x0000000795000000, 0x0000000795200000, 0x0000000795200000|100%| O|  |TAMS 0x0000000795200000, 0x0000000795000000| Untracked 
| 693|0x0000000795200000, 0x0000000795400000, 0x0000000795400000|100%| O|  |TAMS 0x0000000795400000, 0x0000000795200000| Untracked 
| 694|0x0000000795400000, 0x0000000795600000, 0x0000000795600000|100%| O|  |TAMS 0x0000000795600000, 0x0000000795400000| Untracked 
| 695|0x0000000795600000, 0x0000000795800000, 0x0000000795800000|100%| O|  |TAMS 0x0000000795800000, 0x0000000795600000| Untracked 
| 696|0x0000000795800000, 0x0000000795a00000, 0x0000000795a00000|100%| O|  |TAMS 0x0000000795a00000, 0x0000000795800000| Untracked 
| 697|0x0000000795a00000, 0x0000000795c00000, 0x0000000795c00000|100%| O|  |TAMS 0x0000000795c00000, 0x0000000795a00000| Untracked 
| 698|0x0000000795c00000, 0x0000000795e00000, 0x0000000795e00000|100%| O|  |TAMS 0x0000000795e00000, 0x0000000795c00000| Untracked 
| 699|0x0000000795e00000, 0x0000000796000000, 0x0000000796000000|100%| O|  |TAMS 0x0000000796000000, 0x0000000795e00000| Untracked 
| 700|0x0000000796000000, 0x0000000796200000, 0x0000000796200000|100%| O|  |TAMS 0x0000000796200000, 0x0000000796000000| Untracked 
| 701|0x0000000796200000, 0x0000000796400000, 0x0000000796400000|100%| O|  |TAMS 0x0000000796400000, 0x0000000796200000| Untracked 
| 702|0x0000000796400000, 0x0000000796600000, 0x0000000796600000|100%| O|  |TAMS 0x0000000796600000, 0x0000000796400000| Untracked 
| 703|0x0000000796600000, 0x0000000796800000, 0x0000000796800000|100%| O|  |TAMS 0x0000000796800000, 0x0000000796600000| Untracked 
| 704|0x0000000796800000, 0x0000000796a00000, 0x0000000796a00000|100%| O|  |TAMS 0x0000000796a00000, 0x0000000796800000| Untracked 
| 705|0x0000000796a00000, 0x0000000796c00000, 0x0000000796c00000|100%| O|  |TAMS 0x0000000796c00000, 0x0000000796a00000| Untracked 
| 706|0x0000000796c00000, 0x0000000796e00000, 0x0000000796e00000|100%| O|  |TAMS 0x0000000796e00000, 0x0000000796c00000| Untracked 
| 707|0x0000000796e00000, 0x0000000797000000, 0x0000000797000000|100%| O|  |TAMS 0x0000000797000000, 0x0000000796e00000| Untracked 
| 708|0x0000000797000000, 0x0000000797200000, 0x0000000797200000|100%| O|  |TAMS 0x0000000797200000, 0x0000000797000000| Untracked 
| 709|0x0000000797200000, 0x0000000797400000, 0x0000000797400000|100%| O|  |TAMS 0x0000000797400000, 0x0000000797200000| Untracked 
| 710|0x0000000797400000, 0x0000000797600000, 0x0000000797600000|100%| O|  |TAMS 0x0000000797600000, 0x0000000797400000| Untracked 
| 711|0x0000000797600000, 0x0000000797800000, 0x0000000797800000|100%| O|  |TAMS 0x0000000797800000, 0x0000000797600000| Untracked 
| 712|0x0000000797800000, 0x0000000797a00000, 0x0000000797a00000|100%| O|  |TAMS 0x0000000797a00000, 0x0000000797800000| Untracked 
| 713|0x0000000797a00000, 0x0000000797c00000, 0x0000000797c00000|100%| O|  |TAMS 0x0000000797c00000, 0x0000000797a00000| Untracked 
| 714|0x0000000797c00000, 0x0000000797e00000, 0x0000000797e00000|100%| O|  |TAMS 0x0000000797e00000, 0x0000000797c00000| Untracked 
| 715|0x0000000797e00000, 0x0000000798000000, 0x0000000798000000|100%| O|  |TAMS 0x0000000798000000, 0x0000000797e00000| Untracked 
| 716|0x0000000798000000, 0x0000000798200000, 0x0000000798200000|100%| O|  |TAMS 0x0000000798200000, 0x0000000798000000| Untracked 
| 717|0x0000000798200000, 0x0000000798400000, 0x0000000798400000|100%| O|  |TAMS 0x0000000798400000, 0x0000000798200000| Untracked 
| 718|0x0000000798400000, 0x0000000798600000, 0x0000000798600000|100%| O|  |TAMS 0x0000000798600000, 0x0000000798400000| Untracked 
| 719|0x0000000798600000, 0x0000000798800000, 0x0000000798800000|100%| O|  |TAMS 0x0000000798800000, 0x0000000798600000| Untracked 
| 720|0x0000000798800000, 0x0000000798a00000, 0x0000000798a00000|100%| O|  |TAMS 0x0000000798a00000, 0x0000000798800000| Untracked 
| 721|0x0000000798a00000, 0x0000000798c00000, 0x0000000798c00000|100%| O|  |TAMS 0x0000000798c00000, 0x0000000798a00000| Untracked 
| 722|0x0000000798c00000, 0x0000000798e00000, 0x0000000798e00000|100%| O|  |TAMS 0x0000000798e00000, 0x0000000798c00000| Untracked 
| 723|0x0000000798e00000, 0x0000000799000000, 0x0000000799000000|100%| O|  |TAMS 0x0000000799000000, 0x0000000798e00000| Untracked 
| 724|0x0000000799000000, 0x0000000799200000, 0x0000000799200000|100%| O|  |TAMS 0x0000000799200000, 0x0000000799000000| Untracked 
| 725|0x0000000799200000, 0x0000000799400000, 0x0000000799400000|100%| O|  |TAMS 0x0000000799400000, 0x0000000799200000| Untracked 
| 726|0x0000000799400000, 0x0000000799600000, 0x0000000799600000|100%| O|  |TAMS 0x0000000799600000, 0x0000000799400000| Untracked 
| 727|0x0000000799600000, 0x0000000799800000, 0x0000000799800000|100%| O|  |TAMS 0x0000000799800000, 0x0000000799600000| Untracked 
| 728|0x0000000799800000, 0x0000000799a00000, 0x0000000799a00000|100%| O|  |TAMS 0x0000000799a00000, 0x0000000799800000| Untracked 
| 729|0x0000000799a00000, 0x0000000799c00000, 0x0000000799c00000|100%| O|  |TAMS 0x0000000799c00000, 0x0000000799a00000| Untracked 
| 730|0x0000000799c00000, 0x0000000799e00000, 0x0000000799e00000|100%| O|  |TAMS 0x0000000799e00000, 0x0000000799c00000| Untracked 
| 731|0x0000000799e00000, 0x000000079a000000, 0x000000079a000000|100%| O|  |TAMS 0x000000079a000000, 0x0000000799e00000| Untracked 
| 732|0x000000079a000000, 0x000000079a200000, 0x000000079a200000|100%| O|  |TAMS 0x000000079a200000, 0x000000079a000000| Untracked 
| 733|0x000000079a200000, 0x000000079a400000, 0x000000079a400000|100%| O|  |TAMS 0x000000079a400000, 0x000000079a200000| Untracked 
| 734|0x000000079a400000, 0x000000079a600000, 0x000000079a600000|100%| O|  |TAMS 0x000000079a600000, 0x000000079a400000| Untracked 
| 735|0x000000079a600000, 0x000000079a800000, 0x000000079a800000|100%| O|  |TAMS 0x000000079a800000, 0x000000079a600000| Untracked 
| 736|0x000000079a800000, 0x000000079aa00000, 0x000000079aa00000|100%| O|  |TAMS 0x000000079aa00000, 0x000000079a800000| Untracked 
| 737|0x000000079aa00000, 0x000000079ac00000, 0x000000079ac00000|100%| O|  |TAMS 0x000000079ac00000, 0x000000079aa00000| Untracked 
| 738|0x000000079ac00000, 0x000000079ae00000, 0x000000079ae00000|100%| O|  |TAMS 0x000000079ae00000, 0x000000079ac00000| Untracked 
| 739|0x000000079ae00000, 0x000000079b000000, 0x000000079b000000|100%| O|  |TAMS 0x000000079b000000, 0x000000079ae00000| Untracked 
| 740|0x000000079b000000, 0x000000079b200000, 0x000000079b200000|100%| O|  |TAMS 0x000000079b200000, 0x000000079b000000| Untracked 
| 741|0x000000079b200000, 0x000000079b400000, 0x000000079b400000|100%| O|  |TAMS 0x000000079b400000, 0x000000079b200000| Untracked 
| 742|0x000000079b400000, 0x000000079b600000, 0x000000079b600000|100%| O|  |TAMS 0x000000079b600000, 0x000000079b400000| Untracked 
| 743|0x000000079b600000, 0x000000079b800000, 0x000000079b800000|100%| O|  |TAMS 0x000000079b800000, 0x000000079b600000| Untracked 
| 744|0x000000079b800000, 0x000000079ba00000, 0x000000079ba00000|100%| O|  |TAMS 0x000000079ba00000, 0x000000079b800000| Untracked 
| 745|0x000000079ba00000, 0x000000079bc00000, 0x000000079bc00000|100%| O|  |TAMS 0x000000079bc00000, 0x000000079ba00000| Untracked 
| 746|0x000000079bc00000, 0x000000079be00000, 0x000000079be00000|100%| O|  |TAMS 0x000000079be00000, 0x000000079bc00000| Untracked 
| 747|0x000000079be00000, 0x000000079c000000, 0x000000079c000000|100%| O|  |TAMS 0x000000079c000000, 0x000000079be00000| Untracked 
| 748|0x000000079c000000, 0x000000079c200000, 0x000000079c200000|100%| O|  |TAMS 0x000000079c200000, 0x000000079c000000| Untracked 
| 749|0x000000079c200000, 0x000000079c400000, 0x000000079c400000|100%| O|  |TAMS 0x000000079c400000, 0x000000079c200000| Untracked 
| 750|0x000000079c400000, 0x000000079c600000, 0x000000079c600000|100%| O|  |TAMS 0x000000079c600000, 0x000000079c400000| Untracked 
| 751|0x000000079c600000, 0x000000079c800000, 0x000000079c800000|100%| O|  |TAMS 0x000000079c800000, 0x000000079c600000| Untracked 
| 752|0x000000079c800000, 0x000000079ca00000, 0x000000079ca00000|100%| O|  |TAMS 0x000000079ca00000, 0x000000079c800000| Untracked 
| 753|0x000000079ca00000, 0x000000079cc00000, 0x000000079cc00000|100%| O|  |TAMS 0x000000079cc00000, 0x000000079ca00000| Untracked 
| 754|0x000000079cc00000, 0x000000079ce00000, 0x000000079ce00000|100%| O|  |TAMS 0x000000079ce00000, 0x000000079cc00000| Untracked 
| 755|0x000000079ce00000, 0x000000079d000000, 0x000000079d000000|100%| O|  |TAMS 0x000000079d000000, 0x000000079ce00000| Untracked 
| 756|0x000000079d000000, 0x000000079d200000, 0x000000079d200000|100%| O|  |TAMS 0x000000079d200000, 0x000000079d000000| Untracked 
| 757|0x000000079d200000, 0x000000079d400000, 0x000000079d400000|100%| O|  |TAMS 0x000000079d400000, 0x000000079d200000| Untracked 
| 758|0x000000079d400000, 0x000000079d600000, 0x000000079d600000|100%| O|  |TAMS 0x000000079d600000, 0x000000079d400000| Untracked 
| 759|0x000000079d600000, 0x000000079d800000, 0x000000079d800000|100%| O|  |TAMS 0x000000079d800000, 0x000000079d600000| Untracked 
| 760|0x000000079d800000, 0x000000079da00000, 0x000000079da00000|100%| O|  |TAMS 0x000000079da00000, 0x000000079d800000| Untracked 
| 761|0x000000079da00000, 0x000000079dc00000, 0x000000079dc00000|100%| O|  |TAMS 0x000000079dc00000, 0x000000079da00000| Untracked 
| 762|0x000000079dc00000, 0x000000079de00000, 0x000000079de00000|100%| O|  |TAMS 0x000000079de00000, 0x000000079dc00000| Untracked 
| 763|0x000000079de00000, 0x000000079e000000, 0x000000079e000000|100%| O|  |TAMS 0x000000079e000000, 0x000000079de00000| Untracked 
| 764|0x000000079e000000, 0x000000079e200000, 0x000000079e200000|100%| O|  |TAMS 0x000000079e200000, 0x000000079e000000| Untracked 
| 765|0x000000079e200000, 0x000000079e400000, 0x000000079e400000|100%| O|  |TAMS 0x000000079e400000, 0x000000079e200000| Untracked 
| 766|0x000000079e400000, 0x000000079e600000, 0x000000079e600000|100%| O|  |TAMS 0x000000079e600000, 0x000000079e400000| Untracked 
| 767|0x000000079e600000, 0x000000079e800000, 0x000000079e800000|100%| O|  |TAMS 0x000000079e800000, 0x000000079e600000| Untracked 
| 768|0x000000079e800000, 0x000000079ea00000, 0x000000079ea00000|100%| O|  |TAMS 0x000000079ea00000, 0x000000079e800000| Untracked 
| 769|0x000000079ea00000, 0x000000079ec00000, 0x000000079ec00000|100%| O|  |TAMS 0x000000079ec00000, 0x000000079ea00000| Untracked 
| 770|0x000000079ec00000, 0x000000079ee00000, 0x000000079ee00000|100%| O|  |TAMS 0x000000079ee00000, 0x000000079ec00000| Untracked 
| 771|0x000000079ee00000, 0x000000079f000000, 0x000000079f000000|100%| O|  |TAMS 0x000000079f000000, 0x000000079ee00000| Untracked 
| 772|0x000000079f000000, 0x000000079f200000, 0x000000079f200000|100%| O|  |TAMS 0x000000079f200000, 0x000000079f000000| Untracked 
| 773|0x000000079f200000, 0x000000079f400000, 0x000000079f400000|100%| O|  |TAMS 0x000000079f400000, 0x000000079f200000| Untracked 
| 774|0x000000079f400000, 0x000000079f600000, 0x000000079f600000|100%| O|  |TAMS 0x000000079f600000, 0x000000079f400000| Untracked 
| 775|0x000000079f600000, 0x000000079f800000, 0x000000079f800000|100%| O|  |TAMS 0x000000079f800000, 0x000000079f600000| Untracked 
| 776|0x000000079f800000, 0x000000079fa00000, 0x000000079fa00000|100%| O|  |TAMS 0x000000079fa00000, 0x000000079f800000| Untracked 
| 777|0x000000079fa00000, 0x000000079fc00000, 0x000000079fc00000|100%| O|  |TAMS 0x000000079fc00000, 0x000000079fa00000| Untracked 
| 778|0x000000079fc00000, 0x000000079fe00000, 0x000000079fe00000|100%| O|  |TAMS 0x000000079fe00000, 0x000000079fc00000| Untracked 
| 779|0x000000079fe00000, 0x00000007a0000000, 0x00000007a0000000|100%| O|  |TAMS 0x00000007a0000000, 0x000000079fe00000| Untracked 
| 780|0x00000007a0000000, 0x00000007a0200000, 0x00000007a0200000|100%| O|  |TAMS 0x00000007a0200000, 0x00000007a0000000| Untracked 
| 781|0x00000007a0200000, 0x00000007a0400000, 0x00000007a0400000|100%| O|  |TAMS 0x00000007a0400000, 0x00000007a0200000| Untracked 
| 782|0x00000007a0400000, 0x00000007a0600000, 0x00000007a0600000|100%| O|  |TAMS 0x00000007a0600000, 0x00000007a0400000| Untracked 
| 783|0x00000007a0600000, 0x00000007a0800000, 0x00000007a0800000|100%| O|  |TAMS 0x00000007a0800000, 0x00000007a0600000| Untracked 
| 784|0x00000007a0800000, 0x00000007a0a00000, 0x00000007a0a00000|100%| O|  |TAMS 0x00000007a0a00000, 0x00000007a0800000| Untracked 
| 785|0x00000007a0a00000, 0x00000007a0c00000, 0x00000007a0c00000|100%| O|  |TAMS 0x00000007a0c00000, 0x00000007a0a00000| Untracked 
| 786|0x00000007a0c00000, 0x00000007a0e00000, 0x00000007a0e00000|100%| O|  |TAMS 0x00000007a0e00000, 0x00000007a0c00000| Untracked 
| 787|0x00000007a0e00000, 0x00000007a1000000, 0x00000007a1000000|100%| O|  |TAMS 0x00000007a1000000, 0x00000007a0e00000| Untracked 
| 788|0x00000007a1000000, 0x00000007a1200000, 0x00000007a1200000|100%| O|  |TAMS 0x00000007a1200000, 0x00000007a1000000| Untracked 
| 789|0x00000007a1200000, 0x00000007a1400000, 0x00000007a1400000|100%| O|  |TAMS 0x00000007a1400000, 0x00000007a1200000| Untracked 
| 790|0x00000007a1400000, 0x00000007a1600000, 0x00000007a1600000|100%| O|  |TAMS 0x00000007a1600000, 0x00000007a1400000| Untracked 
| 791|0x00000007a1600000, 0x00000007a1800000, 0x00000007a1800000|100%| O|  |TAMS 0x00000007a1800000, 0x00000007a1600000| Untracked 
| 792|0x00000007a1800000, 0x00000007a1a00000, 0x00000007a1a00000|100%| O|  |TAMS 0x00000007a1a00000, 0x00000007a1800000| Untracked 
| 793|0x00000007a1a00000, 0x00000007a1c00000, 0x00000007a1c00000|100%| O|  |TAMS 0x00000007a1c00000, 0x00000007a1a00000| Untracked 
| 794|0x00000007a1c00000, 0x00000007a1e00000, 0x00000007a1e00000|100%| O|  |TAMS 0x00000007a1e00000, 0x00000007a1c00000| Untracked 
| 795|0x00000007a1e00000, 0x00000007a2000000, 0x00000007a2000000|100%| O|  |TAMS 0x00000007a2000000, 0x00000007a1e00000| Untracked 
| 796|0x00000007a2000000, 0x00000007a2200000, 0x00000007a2200000|100%| O|  |TAMS 0x00000007a2200000, 0x00000007a2000000| Untracked 
| 797|0x00000007a2200000, 0x00000007a2400000, 0x00000007a2400000|100%| O|  |TAMS 0x00000007a2400000, 0x00000007a2200000| Untracked 
| 798|0x00000007a2400000, 0x00000007a2600000, 0x00000007a2600000|100%| O|  |TAMS 0x00000007a2600000, 0x00000007a2400000| Untracked 
| 799|0x00000007a2600000, 0x00000007a2800000, 0x00000007a2800000|100%| O|  |TAMS 0x00000007a2800000, 0x00000007a2600000| Untracked 
| 800|0x00000007a2800000, 0x00000007a2a00000, 0x00000007a2a00000|100%| O|  |TAMS 0x00000007a2a00000, 0x00000007a2800000| Untracked 
| 801|0x00000007a2a00000, 0x00000007a2c00000, 0x00000007a2c00000|100%| O|  |TAMS 0x00000007a2c00000, 0x00000007a2a00000| Untracked 
| 802|0x00000007a2c00000, 0x00000007a2e00000, 0x00000007a2e00000|100%| O|  |TAMS 0x00000007a2e00000, 0x00000007a2c00000| Untracked 
| 803|0x00000007a2e00000, 0x00000007a3000000, 0x00000007a3000000|100%| O|  |TAMS 0x00000007a3000000, 0x00000007a2e00000| Untracked 
| 804|0x00000007a3000000, 0x00000007a3200000, 0x00000007a3200000|100%| O|  |TAMS 0x00000007a3200000, 0x00000007a3000000| Untracked 
| 805|0x00000007a3200000, 0x00000007a3400000, 0x00000007a3400000|100%| O|  |TAMS 0x00000007a3400000, 0x00000007a3200000| Untracked 
| 806|0x00000007a3400000, 0x00000007a3600000, 0x00000007a3600000|100%| O|  |TAMS 0x00000007a3600000, 0x00000007a3400000| Untracked 
| 807|0x00000007a3600000, 0x00000007a3800000, 0x00000007a3800000|100%| O|  |TAMS 0x00000007a3800000, 0x00000007a3600000| Untracked 
| 808|0x00000007a3800000, 0x00000007a3a00000, 0x00000007a3a00000|100%| O|  |TAMS 0x00000007a3a00000, 0x00000007a3800000| Untracked 
| 809|0x00000007a3a00000, 0x00000007a3c00000, 0x00000007a3c00000|100%| O|  |TAMS 0x00000007a3c00000, 0x00000007a3a00000| Untracked 
| 810|0x00000007a3c00000, 0x00000007a3e00000, 0x00000007a3e00000|100%| O|  |TAMS 0x00000007a3e00000, 0x00000007a3c00000| Untracked 
| 811|0x00000007a3e00000, 0x00000007a4000000, 0x00000007a4000000|100%| O|  |TAMS 0x00000007a4000000, 0x00000007a3e00000| Untracked 
| 812|0x00000007a4000000, 0x00000007a4200000, 0x00000007a4200000|100%| O|  |TAMS 0x00000007a4200000, 0x00000007a4000000| Untracked 
| 813|0x00000007a4200000, 0x00000007a4400000, 0x00000007a4400000|100%| O|  |TAMS 0x00000007a4400000, 0x00000007a4200000| Untracked 
| 814|0x00000007a4400000, 0x00000007a4600000, 0x00000007a4600000|100%| O|  |TAMS 0x00000007a4600000, 0x00000007a4400000| Untracked 
| 815|0x00000007a4600000, 0x00000007a4800000, 0x00000007a4800000|100%| O|  |TAMS 0x00000007a4800000, 0x00000007a4600000| Untracked 
| 816|0x00000007a4800000, 0x00000007a4a00000, 0x00000007a4a00000|100%| O|  |TAMS 0x00000007a4a00000, 0x00000007a4800000| Untracked 
| 817|0x00000007a4a00000, 0x00000007a4c00000, 0x00000007a4c00000|100%| O|  |TAMS 0x00000007a4c00000, 0x00000007a4a00000| Untracked 
| 818|0x00000007a4c00000, 0x00000007a4e00000, 0x00000007a4e00000|100%| O|  |TAMS 0x00000007a4e00000, 0x00000007a4c00000| Untracked 
| 819|0x00000007a4e00000, 0x00000007a5000000, 0x00000007a5000000|100%| O|  |TAMS 0x00000007a5000000, 0x00000007a4e00000| Untracked 
| 820|0x00000007a5000000, 0x00000007a5200000, 0x00000007a5200000|100%| O|  |TAMS 0x00000007a5200000, 0x00000007a5000000| Untracked 
| 821|0x00000007a5200000, 0x00000007a5400000, 0x00000007a5400000|100%| O|  |TAMS 0x00000007a5400000, 0x00000007a5200000| Untracked 
| 822|0x00000007a5400000, 0x00000007a5600000, 0x00000007a5600000|100%| O|  |TAMS 0x00000007a5600000, 0x00000007a5400000| Untracked 
| 823|0x00000007a5600000, 0x00000007a5800000, 0x00000007a5800000|100%| O|  |TAMS 0x00000007a5800000, 0x00000007a5600000| Untracked 
| 824|0x00000007a5800000, 0x00000007a5a00000, 0x00000007a5a00000|100%| O|  |TAMS 0x00000007a5a00000, 0x00000007a5800000| Untracked 
| 825|0x00000007a5a00000, 0x00000007a5c00000, 0x00000007a5c00000|100%| O|  |TAMS 0x00000007a5c00000, 0x00000007a5a00000| Untracked 
| 826|0x00000007a5c00000, 0x00000007a5e00000, 0x00000007a5e00000|100%| O|  |TAMS 0x00000007a5e00000, 0x00000007a5c00000| Untracked 
| 827|0x00000007a5e00000, 0x00000007a6000000, 0x00000007a6000000|100%| O|  |TAMS 0x00000007a6000000, 0x00000007a5e00000| Untracked 
| 828|0x00000007a6000000, 0x00000007a6200000, 0x00000007a6200000|100%| O|  |TAMS 0x00000007a6200000, 0x00000007a6000000| Untracked 
| 829|0x00000007a6200000, 0x00000007a6400000, 0x00000007a6400000|100%| O|  |TAMS 0x00000007a6400000, 0x00000007a6200000| Updating 
| 830|0x00000007a6400000, 0x00000007a6600000, 0x00000007a6600000|100%| O|  |TAMS 0x00000007a6600000, 0x00000007a6400000| Untracked 
| 831|0x00000007a6600000, 0x00000007a6800000, 0x00000007a6800000|100%| O|  |TAMS 0x00000007a6800000, 0x00000007a6600000| Untracked 
| 832|0x00000007a6800000, 0x00000007a6a00000, 0x00000007a6a00000|100%| O|  |TAMS 0x00000007a6a00000, 0x00000007a6800000| Untracked 
| 833|0x00000007a6a00000, 0x00000007a6c00000, 0x00000007a6c00000|100%| O|  |TAMS 0x00000007a6c00000, 0x00000007a6a00000| Untracked 
| 834|0x00000007a6c00000, 0x00000007a6e00000, 0x00000007a6e00000|100%| O|  |TAMS 0x00000007a6e00000, 0x00000007a6c00000| Untracked 
| 835|0x00000007a6e00000, 0x00000007a7000000, 0x00000007a7000000|100%| O|  |TAMS 0x00000007a7000000, 0x00000007a6e00000| Untracked 
| 836|0x00000007a7000000, 0x00000007a7200000, 0x00000007a7200000|100%| O|  |TAMS 0x00000007a7200000, 0x00000007a7000000| Untracked 
| 837|0x00000007a7200000, 0x00000007a7400000, 0x00000007a7400000|100%| O|  |TAMS 0x00000007a7400000, 0x00000007a7200000| Untracked 
| 838|0x00000007a7400000, 0x00000007a7600000, 0x00000007a7600000|100%| O|  |TAMS 0x00000007a7600000, 0x00000007a7400000| Untracked 
| 839|0x00000007a7600000, 0x00000007a7800000, 0x00000007a7800000|100%| O|  |TAMS 0x00000007a7800000, 0x00000007a7600000| Untracked 
| 840|0x00000007a7800000, 0x00000007a7a00000, 0x00000007a7a00000|100%| O|  |TAMS 0x00000007a7a00000, 0x00000007a7800000| Untracked 
| 841|0x00000007a7a00000, 0x00000007a7c00000, 0x00000007a7c00000|100%| O|  |TAMS 0x00000007a7c00000, 0x00000007a7a00000| Untracked 
| 842|0x00000007a7c00000, 0x00000007a7e00000, 0x00000007a7e00000|100%| O|  |TAMS 0x00000007a7e00000, 0x00000007a7c00000| Untracked 
| 843|0x00000007a7e00000, 0x00000007a8000000, 0x00000007a8000000|100%| O|  |TAMS 0x00000007a8000000, 0x00000007a7e00000| Untracked 
| 844|0x00000007a8000000, 0x00000007a8200000, 0x00000007a8200000|100%| O|  |TAMS 0x00000007a8200000, 0x00000007a8000000| Untracked 
| 845|0x00000007a8200000, 0x00000007a8400000, 0x00000007a8400000|100%| O|  |TAMS 0x00000007a8400000, 0x00000007a8200000| Untracked 
| 846|0x00000007a8400000, 0x00000007a8600000, 0x00000007a8600000|100%| O|  |TAMS 0x00000007a8600000, 0x00000007a8400000| Untracked 
| 847|0x00000007a8600000, 0x00000007a8800000, 0x00000007a8800000|100%| O|  |TAMS 0x00000007a8800000, 0x00000007a8600000| Updating 
| 848|0x00000007a8800000, 0x00000007a8a00000, 0x00000007a8a00000|100%| O|  |TAMS 0x00000007a8a00000, 0x00000007a8800000| Untracked 
| 849|0x00000007a8a00000, 0x00000007a8c00000, 0x00000007a8c00000|100%| O|  |TAMS 0x00000007a8c00000, 0x00000007a8a00000| Untracked 
| 850|0x00000007a8c00000, 0x00000007a8e00000, 0x00000007a8e00000|100%| O|  |TAMS 0x00000007a8e00000, 0x00000007a8c00000| Untracked 
| 851|0x00000007a8e00000, 0x00000007a9000000, 0x00000007a9000000|100%| O|  |TAMS 0x00000007a9000000, 0x00000007a8e00000| Untracked 
| 852|0x00000007a9000000, 0x00000007a9200000, 0x00000007a9200000|100%| O|  |TAMS 0x00000007a9200000, 0x00000007a9000000| Untracked 
| 853|0x00000007a9200000, 0x00000007a9400000, 0x00000007a9400000|100%| O|  |TAMS 0x00000007a9400000, 0x00000007a9200000| Updating 
| 854|0x00000007a9400000, 0x00000007a9600000, 0x00000007a9600000|100%| O|  |TAMS 0x00000007a9600000, 0x00000007a9400000| Untracked 
| 855|0x00000007a9600000, 0x00000007a9800000, 0x00000007a9800000|100%| O|  |TAMS 0x00000007a9800000, 0x00000007a9600000| Untracked 
| 856|0x00000007a9800000, 0x00000007a9a00000, 0x00000007a9a00000|100%| O|  |TAMS 0x00000007a9a00000, 0x00000007a9800000| Untracked 
| 857|0x00000007a9a00000, 0x00000007a9c00000, 0x00000007a9c00000|100%| O|  |TAMS 0x00000007a9c00000, 0x00000007a9a00000| Untracked 
| 858|0x00000007a9c00000, 0x00000007a9e00000, 0x00000007a9e00000|100%| O|  |TAMS 0x00000007a9e00000, 0x00000007a9c00000| Untracked 
| 859|0x00000007a9e00000, 0x00000007aa000000, 0x00000007aa000000|100%| O|  |TAMS 0x00000007aa000000, 0x00000007a9e00000| Untracked 
| 860|0x00000007aa000000, 0x00000007aa200000, 0x00000007aa200000|100%| O|  |TAMS 0x00000007aa200000, 0x00000007aa000000| Untracked 
| 861|0x00000007aa200000, 0x00000007aa400000, 0x00000007aa400000|100%| O|  |TAMS 0x00000007aa400000, 0x00000007aa200000| Untracked 
| 862|0x00000007aa400000, 0x00000007aa600000, 0x00000007aa600000|100%| O|  |TAMS 0x00000007aa600000, 0x00000007aa400000| Untracked 
| 863|0x00000007aa600000, 0x00000007aa800000, 0x00000007aa800000|100%| O|  |TAMS 0x00000007aa800000, 0x00000007aa600000| Untracked 
| 864|0x00000007aa800000, 0x00000007aaa00000, 0x00000007aaa00000|100%| O|  |TAMS 0x00000007aaa00000, 0x00000007aa800000| Updating 
| 865|0x00000007aaa00000, 0x00000007aac00000, 0x00000007aac00000|100%| O|  |TAMS 0x00000007aac00000, 0x00000007aaa00000| Untracked 
| 866|0x00000007aac00000, 0x00000007aae00000, 0x00000007aae00000|100%| O|  |TAMS 0x00000007aae00000, 0x00000007aac00000| Untracked 
| 867|0x00000007aae00000, 0x00000007ab000000, 0x00000007ab000000|100%| O|  |TAMS 0x00000007ab000000, 0x00000007aae00000| Untracked 
| 868|0x00000007ab000000, 0x00000007ab200000, 0x00000007ab200000|100%| O|  |TAMS 0x00000007ab200000, 0x00000007ab000000| Untracked 
| 869|0x00000007ab200000, 0x00000007ab400000, 0x00000007ab400000|100%| O|  |TAMS 0x00000007ab400000, 0x00000007ab200000| Untracked 
| 870|0x00000007ab400000, 0x00000007ab600000, 0x00000007ab600000|100%| O|  |TAMS 0x00000007ab600000, 0x00000007ab400000| Untracked 
| 871|0x00000007ab600000, 0x00000007ab800000, 0x00000007ab800000|100%| O|  |TAMS 0x00000007ab800000, 0x00000007ab600000| Untracked 
| 872|0x00000007ab800000, 0x00000007aba00000, 0x00000007aba00000|100%| O|  |TAMS 0x00000007aba00000, 0x00000007ab800000| Untracked 
| 873|0x00000007aba00000, 0x00000007abc00000, 0x00000007abc00000|100%| O|  |TAMS 0x00000007abc00000, 0x00000007aba00000| Untracked 
| 874|0x00000007abc00000, 0x00000007abe00000, 0x00000007abe00000|100%| O|  |TAMS 0x00000007abe00000, 0x00000007abc00000| Untracked 
| 875|0x00000007abe00000, 0x00000007ac000000, 0x00000007ac000000|100%| O|  |TAMS 0x00000007ac000000, 0x00000007abe00000| Untracked 
| 876|0x00000007ac000000, 0x00000007ac200000, 0x00000007ac200000|100%| O|  |TAMS 0x00000007ac200000, 0x00000007ac000000| Untracked 
| 877|0x00000007ac200000, 0x00000007ac400000, 0x00000007ac400000|100%| O|  |TAMS 0x00000007ac400000, 0x00000007ac200000| Untracked 
| 878|0x00000007ac400000, 0x00000007ac600000, 0x00000007ac600000|100%| O|  |TAMS 0x00000007ac600000, 0x00000007ac400000| Untracked 
| 879|0x00000007ac600000, 0x00000007ac800000, 0x00000007ac800000|100%| O|  |TAMS 0x00000007ac800000, 0x00000007ac600000| Untracked 
| 880|0x00000007ac800000, 0x00000007aca00000, 0x00000007aca00000|100%| O|  |TAMS 0x00000007aca00000, 0x00000007ac800000| Untracked 
| 881|0x00000007aca00000, 0x00000007acc00000, 0x00000007acc00000|100%| O|  |TAMS 0x00000007acc00000, 0x00000007aca00000| Untracked 
| 882|0x00000007acc00000, 0x00000007ace00000, 0x00000007ace00000|100%| O|  |TAMS 0x00000007ace00000, 0x00000007acc00000| Untracked 
| 883|0x00000007ace00000, 0x00000007ad000000, 0x00000007ad000000|100%| O|  |TAMS 0x00000007ad000000, 0x00000007ace00000| Untracked 
| 884|0x00000007ad000000, 0x00000007ad200000, 0x00000007ad200000|100%| O|  |TAMS 0x00000007ad200000, 0x00000007ad000000| Untracked 
| 885|0x00000007ad200000, 0x00000007ad400000, 0x00000007ad400000|100%| O|  |TAMS 0x00000007ad400000, 0x00000007ad200000| Untracked 
| 886|0x00000007ad400000, 0x00000007ad600000, 0x00000007ad600000|100%| O|  |TAMS 0x00000007ad600000, 0x00000007ad400000| Untracked 
| 887|0x00000007ad600000, 0x00000007ad800000, 0x00000007ad800000|100%| O|  |TAMS 0x00000007ad800000, 0x00000007ad600000| Untracked 
| 888|0x00000007ad800000, 0x00000007ada00000, 0x00000007ada00000|100%| O|  |TAMS 0x00000007ada00000, 0x00000007ad800000| Untracked 
| 889|0x00000007ada00000, 0x00000007adc00000, 0x00000007adc00000|100%| O|  |TAMS 0x00000007adc00000, 0x00000007ada00000| Untracked 
| 890|0x00000007adc00000, 0x00000007ade00000, 0x00000007ade00000|100%| O|  |TAMS 0x00000007ade00000, 0x00000007adc00000| Untracked 
| 891|0x00000007ade00000, 0x00000007ae000000, 0x00000007ae000000|100%| O|  |TAMS 0x00000007ae000000, 0x00000007ade00000| Untracked 
| 892|0x00000007ae000000, 0x00000007ae200000, 0x00000007ae200000|100%| O|  |TAMS 0x00000007ae200000, 0x00000007ae000000| Untracked 
| 893|0x00000007ae200000, 0x00000007ae400000, 0x00000007ae400000|100%| O|  |TAMS 0x00000007ae400000, 0x00000007ae200000| Untracked 
| 894|0x00000007ae400000, 0x00000007ae600000, 0x00000007ae600000|100%| O|  |TAMS 0x00000007ae600000, 0x00000007ae400000| Untracked 
| 895|0x00000007ae600000, 0x00000007ae800000, 0x00000007ae800000|100%| O|  |TAMS 0x00000007ae800000, 0x00000007ae600000| Untracked 
| 896|0x00000007ae800000, 0x00000007aea00000, 0x00000007aea00000|100%| O|  |TAMS 0x00000007aea00000, 0x00000007ae800000| Untracked 
| 897|0x00000007aea00000, 0x00000007aec00000, 0x00000007aec00000|100%| O|  |TAMS 0x00000007aec00000, 0x00000007aea00000| Untracked 
| 898|0x00000007aec00000, 0x00000007aee00000, 0x00000007aee00000|100%| O|  |TAMS 0x00000007aee00000, 0x00000007aec00000| Untracked 
| 899|0x00000007aee00000, 0x00000007af000000, 0x00000007af000000|100%| O|  |TAMS 0x00000007af000000, 0x00000007aee00000| Untracked 
| 900|0x00000007af000000, 0x00000007af200000, 0x00000007af200000|100%| O|  |TAMS 0x00000007af200000, 0x00000007af000000| Untracked 
| 901|0x00000007af200000, 0x00000007af400000, 0x00000007af400000|100%| O|  |TAMS 0x00000007af400000, 0x00000007af200000| Untracked 
| 902|0x00000007af400000, 0x00000007af600000, 0x00000007af600000|100%| O|  |TAMS 0x00000007af600000, 0x00000007af400000| Untracked 
| 903|0x00000007af600000, 0x00000007af800000, 0x00000007af800000|100%| O|  |TAMS 0x00000007af800000, 0x00000007af600000| Untracked 
| 904|0x00000007af800000, 0x00000007afa00000, 0x00000007afa00000|100%| O|  |TAMS 0x00000007afa00000, 0x00000007af800000| Untracked 
| 905|0x00000007afa00000, 0x00000007afc00000, 0x00000007afc00000|100%| O|  |TAMS 0x00000007afc00000, 0x00000007afa00000| Untracked 
| 906|0x00000007afc00000, 0x00000007afe00000, 0x00000007afe00000|100%| O|  |TAMS 0x00000007afe00000, 0x00000007afc00000| Untracked 
| 907|0x00000007afe00000, 0x00000007b0000000, 0x00000007b0000000|100%| O|  |TAMS 0x00000007b0000000, 0x00000007afe00000| Untracked 
| 908|0x00000007b0000000, 0x00000007b0200000, 0x00000007b0200000|100%| O|  |TAMS 0x00000007b0200000, 0x00000007b0000000| Untracked 
| 909|0x00000007b0200000, 0x00000007b0400000, 0x00000007b0400000|100%| O|  |TAMS 0x00000007b0400000, 0x00000007b0200000| Untracked 
| 910|0x00000007b0400000, 0x00000007b0600000, 0x00000007b0600000|100%| O|  |TAMS 0x00000007b0600000, 0x00000007b0400000| Untracked 
| 911|0x00000007b0600000, 0x00000007b0800000, 0x00000007b0800000|100%| O|  |TAMS 0x00000007b0800000, 0x00000007b0600000| Untracked 
| 912|0x00000007b0800000, 0x00000007b0a00000, 0x00000007b0a00000|100%| O|  |TAMS 0x00000007b0a00000, 0x00000007b0800000| Untracked 
| 913|0x00000007b0a00000, 0x00000007b0c00000, 0x00000007b0c00000|100%| O|  |TAMS 0x00000007b0c00000, 0x00000007b0a00000| Untracked 
| 914|0x00000007b0c00000, 0x00000007b0e00000, 0x00000007b0e00000|100%| O|  |TAMS 0x00000007b0e00000, 0x00000007b0c00000| Untracked 
| 915|0x00000007b0e00000, 0x00000007b1000000, 0x00000007b1000000|100%| O|  |TAMS 0x00000007b1000000, 0x00000007b0e00000| Untracked 
| 916|0x00000007b1000000, 0x00000007b1200000, 0x00000007b1200000|100%| O|  |TAMS 0x00000007b1200000, 0x00000007b1000000| Untracked 
| 917|0x00000007b1200000, 0x00000007b1400000, 0x00000007b1400000|100%| O|  |TAMS 0x00000007b1400000, 0x00000007b1200000| Untracked 
| 918|0x00000007b1400000, 0x00000007b1600000, 0x00000007b1600000|100%| O|  |TAMS 0x00000007b1600000, 0x00000007b1400000| Untracked 
| 919|0x00000007b1600000, 0x00000007b1800000, 0x00000007b1800000|100%| O|  |TAMS 0x00000007b1800000, 0x00000007b1600000| Untracked 
| 920|0x00000007b1800000, 0x00000007b1a00000, 0x00000007b1a00000|100%| O|  |TAMS 0x00000007b1a00000, 0x00000007b1800000| Untracked 
| 921|0x00000007b1a00000, 0x00000007b1c00000, 0x00000007b1c00000|100%| O|  |TAMS 0x00000007b1c00000, 0x00000007b1a00000| Untracked 
| 922|0x00000007b1c00000, 0x00000007b1e00000, 0x00000007b1e00000|100%| O|  |TAMS 0x00000007b1e00000, 0x00000007b1c00000| Untracked 
| 923|0x00000007b1e00000, 0x00000007b2000000, 0x00000007b2000000|100%| O|  |TAMS 0x00000007b2000000, 0x00000007b1e00000| Untracked 
| 924|0x00000007b2000000, 0x00000007b2200000, 0x00000007b2200000|100%| O|  |TAMS 0x00000007b2200000, 0x00000007b2000000| Untracked 
| 925|0x00000007b2200000, 0x00000007b2400000, 0x00000007b2400000|100%| O|  |TAMS 0x00000007b2400000, 0x00000007b2200000| Untracked 
| 926|0x00000007b2400000, 0x00000007b2600000, 0x00000007b2600000|100%| O|  |TAMS 0x00000007b2600000, 0x00000007b2400000| Untracked 
| 927|0x00000007b2600000, 0x00000007b2800000, 0x00000007b2800000|100%| O|  |TAMS 0x00000007b2800000, 0x00000007b2600000| Untracked 
| 928|0x00000007b2800000, 0x00000007b2a00000, 0x00000007b2a00000|100%| O|  |TAMS 0x00000007b2a00000, 0x00000007b2800000| Untracked 
| 929|0x00000007b2a00000, 0x00000007b2c00000, 0x00000007b2c00000|100%| O|  |TAMS 0x00000007b2c00000, 0x00000007b2a00000| Untracked 
| 930|0x00000007b2c00000, 0x00000007b2e00000, 0x00000007b2e00000|100%| O|  |TAMS 0x00000007b2e00000, 0x00000007b2c00000| Untracked 
| 931|0x00000007b2e00000, 0x00000007b3000000, 0x00000007b3000000|100%| O|  |TAMS 0x00000007b3000000, 0x00000007b2e00000| Untracked 
| 932|0x00000007b3000000, 0x00000007b3200000, 0x00000007b3200000|100%| O|  |TAMS 0x00000007b3200000, 0x00000007b3000000| Untracked 
| 933|0x00000007b3200000, 0x00000007b3400000, 0x00000007b3400000|100%| O|  |TAMS 0x00000007b3400000, 0x00000007b3200000| Untracked 
| 934|0x00000007b3400000, 0x00000007b3600000, 0x00000007b3600000|100%| O|  |TAMS 0x00000007b3600000, 0x00000007b3400000| Untracked 
| 935|0x00000007b3600000, 0x00000007b3800000, 0x00000007b3800000|100%| O|  |TAMS 0x00000007b3800000, 0x00000007b3600000| Untracked 
| 936|0x00000007b3800000, 0x00000007b3a00000, 0x00000007b3a00000|100%| O|  |TAMS 0x00000007b3a00000, 0x00000007b3800000| Untracked 
| 937|0x00000007b3a00000, 0x00000007b3c00000, 0x00000007b3c00000|100%| O|  |TAMS 0x00000007b3c00000, 0x00000007b3a00000| Untracked 
| 938|0x00000007b3c00000, 0x00000007b3e00000, 0x00000007b3e00000|100%| O|  |TAMS 0x00000007b3e00000, 0x00000007b3c00000| Untracked 
| 939|0x00000007b3e00000, 0x00000007b4000000, 0x00000007b4000000|100%| O|  |TAMS 0x00000007b4000000, 0x00000007b3e00000| Untracked 
| 940|0x00000007b4000000, 0x00000007b4200000, 0x00000007b4200000|100%| O|  |TAMS 0x00000007b4200000, 0x00000007b4000000| Untracked 
| 941|0x00000007b4200000, 0x00000007b4400000, 0x00000007b4400000|100%| O|  |TAMS 0x00000007b4400000, 0x00000007b4200000| Untracked 
| 942|0x00000007b4400000, 0x00000007b4600000, 0x00000007b4600000|100%| O|  |TAMS 0x00000007b4600000, 0x00000007b4400000| Untracked 
| 943|0x00000007b4600000, 0x00000007b4800000, 0x00000007b4800000|100%| O|  |TAMS 0x00000007b4800000, 0x00000007b4600000| Untracked 
| 944|0x00000007b4800000, 0x00000007b4a00000, 0x00000007b4a00000|100%| O|  |TAMS 0x00000007b4a00000, 0x00000007b4800000| Untracked 
| 945|0x00000007b4a00000, 0x00000007b4c00000, 0x00000007b4c00000|100%| O|  |TAMS 0x00000007b4c00000, 0x00000007b4a00000| Untracked 
| 946|0x00000007b4c00000, 0x00000007b4e00000, 0x00000007b4e00000|100%| O|  |TAMS 0x00000007b4e00000, 0x00000007b4c00000| Untracked 
| 947|0x00000007b4e00000, 0x00000007b5000000, 0x00000007b5000000|100%| O|  |TAMS 0x00000007b5000000, 0x00000007b4e00000| Untracked 
| 948|0x00000007b5000000, 0x00000007b5200000, 0x00000007b5200000|100%| O|  |TAMS 0x00000007b5200000, 0x00000007b5000000| Untracked 
| 949|0x00000007b5200000, 0x00000007b5400000, 0x00000007b5400000|100%| O|  |TAMS 0x00000007b5400000, 0x00000007b5200000| Untracked 
| 950|0x00000007b5400000, 0x00000007b5600000, 0x00000007b5600000|100%| O|  |TAMS 0x00000007b5600000, 0x00000007b5400000| Untracked 
| 951|0x00000007b5600000, 0x00000007b5800000, 0x00000007b5800000|100%| O|  |TAMS 0x00000007b5800000, 0x00000007b5600000| Untracked 
| 952|0x00000007b5800000, 0x00000007b5a00000, 0x00000007b5a00000|100%| O|  |TAMS 0x00000007b5a00000, 0x00000007b5800000| Untracked 
| 953|0x00000007b5a00000, 0x00000007b5c00000, 0x00000007b5c00000|100%| O|  |TAMS 0x00000007b5c00000, 0x00000007b5a00000| Untracked 
| 954|0x00000007b5c00000, 0x00000007b5e00000, 0x00000007b5e00000|100%| O|  |TAMS 0x00000007b5e00000, 0x00000007b5c00000| Untracked 
| 955|0x00000007b5e00000, 0x00000007b6000000, 0x00000007b6000000|100%| O|  |TAMS 0x00000007b6000000, 0x00000007b5e00000| Untracked 
| 956|0x00000007b6000000, 0x00000007b6200000, 0x00000007b6200000|100%| O|  |TAMS 0x00000007b6200000, 0x00000007b6000000| Untracked 
| 957|0x00000007b6200000, 0x00000007b6400000, 0x00000007b6400000|100%| O|  |TAMS 0x00000007b6400000, 0x00000007b6200000| Untracked 
| 958|0x00000007b6400000, 0x00000007b6600000, 0x00000007b6600000|100%| O|  |TAMS 0x00000007b6600000, 0x00000007b6400000| Untracked 
| 959|0x00000007b6600000, 0x00000007b6800000, 0x00000007b6800000|100%| O|  |TAMS 0x00000007b6800000, 0x00000007b6600000| Untracked 
| 960|0x00000007b6800000, 0x00000007b6a00000, 0x00000007b6a00000|100%| O|  |TAMS 0x00000007b6a00000, 0x00000007b6800000| Untracked 
| 961|0x00000007b6a00000, 0x00000007b6c00000, 0x00000007b6c00000|100%| O|  |TAMS 0x00000007b6c00000, 0x00000007b6a00000| Untracked 
| 962|0x00000007b6c00000, 0x00000007b6e00000, 0x00000007b6e00000|100%| O|  |TAMS 0x00000007b6e00000, 0x00000007b6c00000| Untracked 
| 963|0x00000007b6e00000, 0x00000007b7000000, 0x00000007b7000000|100%| O|  |TAMS 0x00000007b7000000, 0x00000007b6e00000| Untracked 
| 964|0x00000007b7000000, 0x00000007b7200000, 0x00000007b7200000|100%| O|  |TAMS 0x00000007b7200000, 0x00000007b7000000| Untracked 
| 965|0x00000007b7200000, 0x00000007b7400000, 0x00000007b7400000|100%| O|  |TAMS 0x00000007b7400000, 0x00000007b7200000| Untracked 
| 966|0x00000007b7400000, 0x00000007b7600000, 0x00000007b7600000|100%| O|  |TAMS 0x00000007b7600000, 0x00000007b7400000| Untracked 
| 967|0x00000007b7600000, 0x00000007b7800000, 0x00000007b7800000|100%| O|  |TAMS 0x00000007b7800000, 0x00000007b7600000| Untracked 
| 968|0x00000007b7800000, 0x00000007b7a00000, 0x00000007b7a00000|100%| O|  |TAMS 0x00000007b7a00000, 0x00000007b7800000| Untracked 
| 969|0x00000007b7a00000, 0x00000007b7c00000, 0x00000007b7c00000|100%| O|  |TAMS 0x00000007b7c00000, 0x00000007b7a00000| Untracked 
| 970|0x00000007b7c00000, 0x00000007b7e00000, 0x00000007b7e00000|100%| O|  |TAMS 0x00000007b7e00000, 0x00000007b7c00000| Untracked 
| 971|0x00000007b7e00000, 0x00000007b8000000, 0x00000007b8000000|100%| O|  |TAMS 0x00000007b8000000, 0x00000007b7e00000| Untracked 
| 972|0x00000007b8000000, 0x00000007b8200000, 0x00000007b8200000|100%| O|  |TAMS 0x00000007b8200000, 0x00000007b8000000| Untracked 
| 973|0x00000007b8200000, 0x00000007b8400000, 0x00000007b8400000|100%| O|  |TAMS 0x00000007b8400000, 0x00000007b8200000| Untracked 
| 974|0x00000007b8400000, 0x00000007b8600000, 0x00000007b8600000|100%| O|  |TAMS 0x00000007b8600000, 0x00000007b8400000| Untracked 
| 975|0x00000007b8600000, 0x00000007b8800000, 0x00000007b8800000|100%| O|  |TAMS 0x00000007b8800000, 0x00000007b8600000| Untracked 
| 976|0x00000007b8800000, 0x00000007b8a00000, 0x00000007b8a00000|100%| O|  |TAMS 0x00000007b8a00000, 0x00000007b8800000| Untracked 
| 977|0x00000007b8a00000, 0x00000007b8c00000, 0x00000007b8c00000|100%| O|  |TAMS 0x00000007b8c00000, 0x00000007b8a00000| Untracked 
| 978|0x00000007b8c00000, 0x00000007b8e00000, 0x00000007b8e00000|100%| O|  |TAMS 0x00000007b8e00000, 0x00000007b8c00000| Untracked 
| 979|0x00000007b8e00000, 0x00000007b9000000, 0x00000007b9000000|100%| O|  |TAMS 0x00000007b9000000, 0x00000007b8e00000| Untracked 
| 980|0x00000007b9000000, 0x00000007b9200000, 0x00000007b9200000|100%| O|  |TAMS 0x00000007b9200000, 0x00000007b9000000| Untracked 
| 981|0x00000007b9200000, 0x00000007b9400000, 0x00000007b9400000|100%| O|  |TAMS 0x00000007b9400000, 0x00000007b9200000| Untracked 
| 982|0x00000007b9400000, 0x00000007b9600000, 0x00000007b9600000|100%| O|  |TAMS 0x00000007b9600000, 0x00000007b9400000| Untracked 
| 983|0x00000007b9600000, 0x00000007b9800000, 0x00000007b9800000|100%| O|  |TAMS 0x00000007b9800000, 0x00000007b9600000| Untracked 
| 984|0x00000007b9800000, 0x00000007b9a00000, 0x00000007b9a00000|100%| O|  |TAMS 0x00000007b9a00000, 0x00000007b9800000| Untracked 
| 985|0x00000007b9a00000, 0x00000007b9c00000, 0x00000007b9c00000|100%| O|  |TAMS 0x00000007b9c00000, 0x00000007b9a00000| Untracked 
| 986|0x00000007b9c00000, 0x00000007b9e00000, 0x00000007b9e00000|100%| O|  |TAMS 0x00000007b9e00000, 0x00000007b9c00000| Untracked 
| 987|0x00000007b9e00000, 0x00000007ba000000, 0x00000007ba000000|100%| O|  |TAMS 0x00000007ba000000, 0x00000007b9e00000| Untracked 
| 988|0x00000007ba000000, 0x00000007ba200000, 0x00000007ba200000|100%| O|  |TAMS 0x00000007ba200000, 0x00000007ba000000| Untracked 
| 989|0x00000007ba200000, 0x00000007ba400000, 0x00000007ba400000|100%| O|  |TAMS 0x00000007ba400000, 0x00000007ba200000| Untracked 
| 990|0x00000007ba400000, 0x00000007ba600000, 0x00000007ba600000|100%| O|  |TAMS 0x00000007ba600000, 0x00000007ba400000| Untracked 
| 991|0x00000007ba600000, 0x00000007ba800000, 0x00000007ba800000|100%| O|  |TAMS 0x00000007ba800000, 0x00000007ba600000| Untracked 
| 992|0x00000007ba800000, 0x00000007baa00000, 0x00000007baa00000|100%| O|  |TAMS 0x00000007baa00000, 0x00000007ba800000| Untracked 
| 993|0x00000007baa00000, 0x00000007bac00000, 0x00000007bac00000|100%| O|  |TAMS 0x00000007bac00000, 0x00000007baa00000| Untracked 
| 994|0x00000007bac00000, 0x00000007bae00000, 0x00000007bae00000|100%| O|  |TAMS 0x00000007bae00000, 0x00000007bac00000| Untracked 
| 995|0x00000007bae00000, 0x00000007bb000000, 0x00000007bb000000|100%| O|  |TAMS 0x00000007bb000000, 0x00000007bae00000| Untracked 
| 996|0x00000007bb000000, 0x00000007bb200000, 0x00000007bb200000|100%| O|  |TAMS 0x00000007bb200000, 0x00000007bb000000| Untracked 
| 997|0x00000007bb200000, 0x00000007bb400000, 0x00000007bb400000|100%| O|  |TAMS 0x00000007bb400000, 0x00000007bb200000| Untracked 
| 998|0x00000007bb400000, 0x00000007bb600000, 0x00000007bb600000|100%| O|  |TAMS 0x00000007bb600000, 0x00000007bb400000| Untracked 
| 999|0x00000007bb600000, 0x00000007bb800000, 0x00000007bb800000|100%| O|  |TAMS 0x00000007bb800000, 0x00000007bb600000| Untracked 
|1000|0x00000007bb800000, 0x00000007bba00000, 0x00000007bba00000|100%| O|  |TAMS 0x00000007bba00000, 0x00000007bb800000| Untracked 
|1001|0x00000007bba00000, 0x00000007bbc00000, 0x00000007bbc00000|100%| O|  |TAMS 0x00000007bbc00000, 0x00000007bba00000| Untracked 
|1002|0x00000007bbc00000, 0x00000007bbe00000, 0x00000007bbe00000|100%| O|  |TAMS 0x00000007bbe00000, 0x00000007bbc00000| Untracked 
|1003|0x00000007bbe00000, 0x00000007bc000000, 0x00000007bc000000|100%| O|  |TAMS 0x00000007bc000000, 0x00000007bbe00000| Untracked 
|1004|0x00000007bc000000, 0x00000007bc200000, 0x00000007bc200000|100%| O|  |TAMS 0x00000007bc200000, 0x00000007bc000000| Untracked 
|1005|0x00000007bc200000, 0x00000007bc400000, 0x00000007bc400000|100%| O|  |TAMS 0x00000007bc400000, 0x00000007bc200000| Untracked 
|1006|0x00000007bc400000, 0x00000007bc600000, 0x00000007bc600000|100%| O|  |TAMS 0x00000007bc600000, 0x00000007bc400000| Untracked 
|1007|0x00000007bc600000, 0x00000007bc800000, 0x00000007bc800000|100%| O|  |TAMS 0x00000007bc800000, 0x00000007bc600000| Untracked 
|1008|0x00000007bc800000, 0x00000007bca00000, 0x00000007bca00000|100%| O|  |TAMS 0x00000007bca00000, 0x00000007bc800000| Untracked 
|1009|0x00000007bca00000, 0x00000007bcc00000, 0x00000007bcc00000|100%| O|  |TAMS 0x00000007bcc00000, 0x00000007bca00000| Untracked 
|1010|0x00000007bcc00000, 0x00000007bce00000, 0x00000007bce00000|100%| O|  |TAMS 0x00000007bce00000, 0x00000007bcc00000| Untracked 
|1011|0x00000007bce00000, 0x00000007bd000000, 0x00000007bd000000|100%| O|  |TAMS 0x00000007bd000000, 0x00000007bce00000| Untracked 
|1012|0x00000007bd000000, 0x00000007bd200000, 0x00000007bd200000|100%| O|  |TAMS 0x00000007bd200000, 0x00000007bd000000| Untracked 
|1013|0x00000007bd200000, 0x00000007bd400000, 0x00000007bd400000|100%| O|  |TAMS 0x00000007bd400000, 0x00000007bd200000| Untracked 
|1014|0x00000007bd400000, 0x00000007bd600000, 0x00000007bd600000|100%| O|  |TAMS 0x00000007bd600000, 0x00000007bd400000| Untracked 
|1015|0x00000007bd600000, 0x00000007bd800000, 0x00000007bd800000|100%| O|  |TAMS 0x00000007bd800000, 0x00000007bd600000| Untracked 
|1016|0x00000007bd800000, 0x00000007bda00000, 0x00000007bda00000|100%| O|  |TAMS 0x00000007bda00000, 0x00000007bd800000| Untracked 
|1017|0x00000007bda00000, 0x00000007bdc00000, 0x00000007bdc00000|100%| O|  |TAMS 0x00000007bdc00000, 0x00000007bda00000| Untracked 
|1018|0x00000007bdc00000, 0x00000007bde00000, 0x00000007bde00000|100%| O|  |TAMS 0x00000007bde00000, 0x00000007bdc00000| Untracked 
|1019|0x00000007bde00000, 0x00000007be000000, 0x00000007be000000|100%| O|  |TAMS 0x00000007be000000, 0x00000007bde00000| Untracked 
|1020|0x00000007be000000, 0x00000007be200000, 0x00000007be200000|100%| O|  |TAMS 0x00000007be200000, 0x00000007be000000| Untracked 
|1021|0x00000007be200000, 0x00000007be400000, 0x00000007be400000|100%| O|  |TAMS 0x00000007be400000, 0x00000007be200000| Untracked 
|1022|0x00000007be400000, 0x00000007be600000, 0x00000007be600000|100%| O|  |TAMS 0x00000007be600000, 0x00000007be400000| Untracked 
|1023|0x00000007be600000, 0x00000007be800000, 0x00000007be800000|100%| O|  |TAMS 0x00000007be800000, 0x00000007be600000| Untracked 
|1024|0x00000007be800000, 0x00000007bea00000, 0x00000007bea00000|100%| O|  |TAMS 0x00000007bea00000, 0x00000007be800000| Untracked 
|1025|0x00000007bea00000, 0x00000007bec00000, 0x00000007bec00000|100%| O|  |TAMS 0x00000007bec00000, 0x00000007bea00000| Untracked 
|1026|0x00000007bec00000, 0x00000007bee00000, 0x00000007bee00000|100%| O|  |TAMS 0x00000007bee00000, 0x00000007bec00000| Untracked 
|1027|0x00000007bee00000, 0x00000007bf000000, 0x00000007bf000000|100%| O|  |TAMS 0x00000007bf000000, 0x00000007bee00000| Untracked 
|1028|0x00000007bf000000, 0x00000007bf200000, 0x00000007bf200000|100%| O|  |TAMS 0x00000007bf200000, 0x00000007bf000000| Untracked 
|1029|0x00000007bf200000, 0x00000007bf400000, 0x00000007bf400000|100%| O|  |TAMS 0x00000007bf400000, 0x00000007bf200000| Untracked 
|1030|0x00000007bf400000, 0x00000007bf600000, 0x00000007bf600000|100%| O|  |TAMS 0x00000007bf600000, 0x00000007bf400000| Untracked 
|1031|0x00000007bf600000, 0x00000007bf800000, 0x00000007bf800000|100%| O|  |TAMS 0x00000007bf800000, 0x00000007bf600000| Untracked 
|1032|0x00000007bf800000, 0x00000007bfa00000, 0x00000007bfa00000|100%| O|  |TAMS 0x00000007bfa00000, 0x00000007bf800000| Untracked 
|1033|0x00000007bfa00000, 0x00000007bfc00000, 0x00000007bfc00000|100%| O|  |TAMS 0x00000007bfc00000, 0x00000007bfa00000| Untracked 
|1034|0x00000007bfc00000, 0x00000007bfe00000, 0x00000007bfe00000|100%| O|  |TAMS 0x00000007bfe00000, 0x00000007bfc00000| Untracked 
|1035|0x00000007bfe00000, 0x00000007c0000000, 0x00000007c0000000|100%| O|  |TAMS 0x00000007c0000000, 0x00000007bfe00000| Untracked 
|1036|0x00000007c0000000, 0x00000007c0200000, 0x00000007c0200000|100%| O|  |TAMS 0x00000007c0200000, 0x00000007c0000000| Untracked 
|1037|0x00000007c0200000, 0x00000007c0400000, 0x00000007c0400000|100%| O|  |TAMS 0x00000007c0400000, 0x00000007c0200000| Untracked 
|1038|0x00000007c0400000, 0x00000007c0600000, 0x00000007c0600000|100%| O|  |TAMS 0x00000007c0600000, 0x00000007c0400000| Untracked 
|1039|0x00000007c0600000, 0x00000007c0800000, 0x00000007c0800000|100%| O|  |TAMS 0x00000007c0800000, 0x00000007c0600000| Untracked 
|1040|0x00000007c0800000, 0x00000007c0a00000, 0x00000007c0a00000|100%| O|  |TAMS 0x00000007c0a00000, 0x00000007c0800000| Untracked 
|1041|0x00000007c0a00000, 0x00000007c0c00000, 0x00000007c0c00000|100%| O|  |TAMS 0x00000007c0c00000, 0x00000007c0a00000| Untracked 
|1042|0x00000007c0c00000, 0x00000007c0e00000, 0x00000007c0e00000|100%| O|  |TAMS 0x00000007c0e00000, 0x00000007c0c00000| Untracked 
|1043|0x00000007c0e00000, 0x00000007c1000000, 0x00000007c1000000|100%| O|  |TAMS 0x00000007c1000000, 0x00000007c0e00000| Untracked 
|1044|0x00000007c1000000, 0x00000007c1200000, 0x00000007c1200000|100%| O|  |TAMS 0x00000007c1200000, 0x00000007c1000000| Untracked 
|1045|0x00000007c1200000, 0x00000007c1400000, 0x00000007c1400000|100%| O|  |TAMS 0x00000007c1400000, 0x00000007c1200000| Untracked 
|1046|0x00000007c1400000, 0x00000007c1600000, 0x00000007c1600000|100%| O|  |TAMS 0x00000007c1600000, 0x00000007c1400000| Untracked 
|1047|0x00000007c1600000, 0x00000007c1800000, 0x00000007c1800000|100%| O|  |TAMS 0x00000007c1800000, 0x00000007c1600000| Untracked 
|1048|0x00000007c1800000, 0x00000007c1a00000, 0x00000007c1a00000|100%| O|  |TAMS 0x00000007c1a00000, 0x00000007c1800000| Untracked 
|1049|0x00000007c1a00000, 0x00000007c1c00000, 0x00000007c1c00000|100%| O|  |TAMS 0x00000007c1c00000, 0x00000007c1a00000| Untracked 
|1050|0x00000007c1c00000, 0x00000007c1e00000, 0x00000007c1e00000|100%| O|  |TAMS 0x00000007c1e00000, 0x00000007c1c00000| Untracked 
|1051|0x00000007c1e00000, 0x00000007c2000000, 0x00000007c2000000|100%| O|  |TAMS 0x00000007c2000000, 0x00000007c1e00000| Untracked 
|1052|0x00000007c2000000, 0x00000007c2200000, 0x00000007c2200000|100%| O|  |TAMS 0x00000007c2200000, 0x00000007c2000000| Untracked 
|1053|0x00000007c2200000, 0x00000007c2400000, 0x00000007c2400000|100%| O|  |TAMS 0x00000007c2400000, 0x00000007c2200000| Untracked 
|1054|0x00000007c2400000, 0x00000007c2600000, 0x00000007c2600000|100%| O|  |TAMS 0x00000007c2600000, 0x00000007c2400000| Untracked 
|1055|0x00000007c2600000, 0x00000007c2800000, 0x00000007c2800000|100%| O|  |TAMS 0x00000007c2800000, 0x00000007c2600000| Untracked 
|1056|0x00000007c2800000, 0x00000007c2a00000, 0x00000007c2a00000|100%| O|  |TAMS 0x00000007c2a00000, 0x00000007c2800000| Untracked 
|1057|0x00000007c2a00000, 0x00000007c2c00000, 0x00000007c2c00000|100%| O|  |TAMS 0x00000007c2c00000, 0x00000007c2a00000| Untracked 
|1058|0x00000007c2c00000, 0x00000007c2e00000, 0x00000007c2e00000|100%| O|  |TAMS 0x00000007c2e00000, 0x00000007c2c00000| Untracked 
|1059|0x00000007c2e00000, 0x00000007c3000000, 0x00000007c3000000|100%| O|  |TAMS 0x00000007c3000000, 0x00000007c2e00000| Untracked 
|1060|0x00000007c3000000, 0x00000007c3200000, 0x00000007c3200000|100%| O|  |TAMS 0x00000007c3200000, 0x00000007c3000000| Untracked 
|1061|0x00000007c3200000, 0x00000007c3400000, 0x00000007c3400000|100%| O|  |TAMS 0x00000007c3400000, 0x00000007c3200000| Untracked 
|1062|0x00000007c3400000, 0x00000007c3600000, 0x00000007c3600000|100%| O|  |TAMS 0x00000007c3600000, 0x00000007c3400000| Untracked 
|1063|0x00000007c3600000, 0x00000007c3800000, 0x00000007c3800000|100%| O|  |TAMS 0x00000007c3800000, 0x00000007c3600000| Untracked 
|1064|0x00000007c3800000, 0x00000007c3a00000, 0x00000007c3a00000|100%| O|  |TAMS 0x00000007c3a00000, 0x00000007c3800000| Untracked 
|1065|0x00000007c3a00000, 0x00000007c3c00000, 0x00000007c3c00000|100%| O|  |TAMS 0x00000007c3c00000, 0x00000007c3a00000| Untracked 
|1066|0x00000007c3c00000, 0x00000007c3e00000, 0x00000007c3e00000|100%| O|  |TAMS 0x00000007c3e00000, 0x00000007c3c00000| Untracked 
|1067|0x00000007c3e00000, 0x00000007c4000000, 0x00000007c4000000|100%| O|  |TAMS 0x00000007c4000000, 0x00000007c3e00000| Untracked 
|1068|0x00000007c4000000, 0x00000007c4200000, 0x00000007c4200000|100%| O|  |TAMS 0x00000007c4200000, 0x00000007c4000000| Untracked 
|1069|0x00000007c4200000, 0x00000007c4400000, 0x00000007c4400000|100%| O|  |TAMS 0x00000007c4400000, 0x00000007c4200000| Untracked 
|1070|0x00000007c4400000, 0x00000007c4600000, 0x00000007c4600000|100%| O|  |TAMS 0x00000007c4600000, 0x00000007c4400000| Untracked 
|1071|0x00000007c4600000, 0x00000007c4800000, 0x00000007c4800000|100%| O|  |TAMS 0x00000007c4800000, 0x00000007c4600000| Untracked 
|1072|0x00000007c4800000, 0x00000007c4a00000, 0x00000007c4a00000|100%| O|  |TAMS 0x00000007c4a00000, 0x00000007c4800000| Untracked 
|1073|0x00000007c4a00000, 0x00000007c4c00000, 0x00000007c4c00000|100%| O|  |TAMS 0x00000007c4c00000, 0x00000007c4a00000| Untracked 
|1074|0x00000007c4c00000, 0x00000007c4e00000, 0x00000007c4e00000|100%| O|  |TAMS 0x00000007c4e00000, 0x00000007c4c00000| Untracked 
|1075|0x00000007c4e00000, 0x00000007c5000000, 0x00000007c5000000|100%| O|  |TAMS 0x00000007c5000000, 0x00000007c4e00000| Untracked 
|1076|0x00000007c5000000, 0x00000007c5200000, 0x00000007c5200000|100%| O|  |TAMS 0x00000007c5200000, 0x00000007c5000000| Untracked 
|1077|0x00000007c5200000, 0x00000007c5400000, 0x00000007c5400000|100%| O|  |TAMS 0x00000007c5400000, 0x00000007c5200000| Untracked 
|1078|0x00000007c5400000, 0x00000007c5600000, 0x00000007c5600000|100%| O|  |TAMS 0x00000007c5600000, 0x00000007c5400000| Untracked 
|1079|0x00000007c5600000, 0x00000007c5800000, 0x00000007c5800000|100%| O|  |TAMS 0x00000007c5800000, 0x00000007c5600000| Untracked 
|1080|0x00000007c5800000, 0x00000007c5a00000, 0x00000007c5a00000|100%| O|  |TAMS 0x00000007c5a00000, 0x00000007c5800000| Untracked 
|1081|0x00000007c5a00000, 0x00000007c5c00000, 0x00000007c5c00000|100%| O|  |TAMS 0x00000007c5c00000, 0x00000007c5a00000| Untracked 
|1082|0x00000007c5c00000, 0x00000007c5e00000, 0x00000007c5e00000|100%| O|  |TAMS 0x00000007c5e00000, 0x00000007c5c00000| Untracked 
|1083|0x00000007c5e00000, 0x00000007c6000000, 0x00000007c6000000|100%| O|  |TAMS 0x00000007c6000000, 0x00000007c5e00000| Untracked 
|1084|0x00000007c6000000, 0x00000007c6200000, 0x00000007c6200000|100%| O|  |TAMS 0x00000007c6200000, 0x00000007c6000000| Untracked 
|1085|0x00000007c6200000, 0x00000007c6400000, 0x00000007c6400000|100%| O|  |TAMS 0x00000007c6400000, 0x00000007c6200000| Untracked 
|1086|0x00000007c6400000, 0x00000007c6600000, 0x00000007c6600000|100%| O|  |TAMS 0x00000007c6600000, 0x00000007c6400000| Untracked 
|1087|0x00000007c6600000, 0x00000007c6800000, 0x00000007c6800000|100%| O|  |TAMS 0x00000007c6800000, 0x00000007c6600000| Untracked 
|1088|0x00000007c6800000, 0x00000007c6a00000, 0x00000007c6a00000|100%| O|  |TAMS 0x00000007c6a00000, 0x00000007c6800000| Untracked 
|1089|0x00000007c6a00000, 0x00000007c6c00000, 0x00000007c6c00000|100%| O|  |TAMS 0x00000007c6c00000, 0x00000007c6a00000| Untracked 
|1090|0x00000007c6c00000, 0x00000007c6e00000, 0x00000007c6e00000|100%| O|  |TAMS 0x00000007c6e00000, 0x00000007c6c00000| Untracked 
|1091|0x00000007c6e00000, 0x00000007c7000000, 0x00000007c7000000|100%| O|  |TAMS 0x00000007c7000000, 0x00000007c6e00000| Untracked 
|1092|0x00000007c7000000, 0x00000007c7200000, 0x00000007c7200000|100%| O|  |TAMS 0x00000007c7200000, 0x00000007c7000000| Untracked 
|1093|0x00000007c7200000, 0x00000007c7400000, 0x00000007c7400000|100%| O|  |TAMS 0x00000007c7400000, 0x00000007c7200000| Untracked 
|1094|0x00000007c7400000, 0x00000007c7600000, 0x00000007c7600000|100%| O|  |TAMS 0x00000007c7600000, 0x00000007c7400000| Untracked 
|1095|0x00000007c7600000, 0x00000007c7800000, 0x00000007c7800000|100%| O|  |TAMS 0x00000007c7800000, 0x00000007c7600000| Untracked 
|1096|0x00000007c7800000, 0x00000007c7a00000, 0x00000007c7a00000|100%| O|  |TAMS 0x00000007c7a00000, 0x00000007c7800000| Untracked 
|1097|0x00000007c7a00000, 0x00000007c7c00000, 0x00000007c7c00000|100%| O|  |TAMS 0x00000007c7c00000, 0x00000007c7a00000| Untracked 
|1098|0x00000007c7c00000, 0x00000007c7e00000, 0x00000007c7e00000|100%| O|  |TAMS 0x00000007c7e00000, 0x00000007c7c00000| Untracked 
|1099|0x00000007c7e00000, 0x00000007c8000000, 0x00000007c8000000|100%| O|  |TAMS 0x00000007c8000000, 0x00000007c7e00000| Untracked 
|1100|0x00000007c8000000, 0x00000007c8200000, 0x00000007c8200000|100%| O|  |TAMS 0x00000007c8200000, 0x00000007c8000000| Untracked 
|1101|0x00000007c8200000, 0x00000007c8400000, 0x00000007c8400000|100%| O|  |TAMS 0x00000007c8400000, 0x00000007c8200000| Untracked 
|1102|0x00000007c8400000, 0x00000007c8600000, 0x00000007c8600000|100%| O|  |TAMS 0x00000007c8600000, 0x00000007c8400000| Untracked 
|1103|0x00000007c8600000, 0x00000007c87ffff8, 0x00000007c8800000| 99%| O|  |TAMS 0x00000007c87ffff8, 0x00000007c8600000| Untracked 
|1104|0x00000007c8800000, 0x00000007c8a00000, 0x00000007c8a00000|100%| O|  |TAMS 0x00000007c8a00000, 0x00000007c8800000| Untracked 
|1105|0x00000007c8a00000, 0x00000007c8c00000, 0x00000007c8c00000|100%| O|  |TAMS 0x00000007c8c00000, 0x00000007c8a00000| Untracked 
|1106|0x00000007c8c00000, 0x00000007c8e00000, 0x00000007c8e00000|100%| O|  |TAMS 0x00000007c8e00000, 0x00000007c8c00000| Untracked 
|1107|0x00000007c8e00000, 0x00000007c9000000, 0x00000007c9000000|100%| O|  |TAMS 0x00000007c9000000, 0x00000007c8e00000| Untracked 
|1108|0x00000007c9000000, 0x00000007c9200000, 0x00000007c9200000|100%| O|  |TAMS 0x00000007c9200000, 0x00000007c9000000| Untracked 
|1109|0x00000007c9200000, 0x00000007c9400000, 0x00000007c9400000|100%| O|  |TAMS 0x00000007c9400000, 0x00000007c9200000| Untracked 
|1110|0x00000007c9400000, 0x00000007c9600000, 0x00000007c9600000|100%| O|  |TAMS 0x00000007c9600000, 0x00000007c9400000| Untracked 
|1111|0x00000007c9600000, 0x00000007c9800000, 0x00000007c9800000|100%| O|  |TAMS 0x00000007c9800000, 0x00000007c9600000| Untracked 
|1112|0x00000007c9800000, 0x00000007c9a00000, 0x00000007c9a00000|100%| O|  |TAMS 0x00000007c9a00000, 0x00000007c9800000| Untracked 
|1113|0x00000007c9a00000, 0x00000007c9c00000, 0x00000007c9c00000|100%| O|  |TAMS 0x00000007c9c00000, 0x00000007c9a00000| Untracked 
|1114|0x00000007c9c00000, 0x00000007c9e00000, 0x00000007c9e00000|100%| O|  |TAMS 0x00000007c9e00000, 0x00000007c9c00000| Untracked 
|1115|0x00000007c9e00000, 0x00000007ca000000, 0x00000007ca000000|100%| O|  |TAMS 0x00000007ca000000, 0x00000007c9e00000| Untracked 
|1116|0x00000007ca000000, 0x00000007ca200000, 0x00000007ca200000|100%| O|  |TAMS 0x00000007ca200000, 0x00000007ca000000| Untracked 
|1117|0x00000007ca200000, 0x00000007ca400000, 0x00000007ca400000|100%| O|  |TAMS 0x00000007ca400000, 0x00000007ca200000| Untracked 
|1118|0x00000007ca400000, 0x00000007ca600000, 0x00000007ca600000|100%| O|  |TAMS 0x00000007ca600000, 0x00000007ca400000| Untracked 
|1119|0x00000007ca600000, 0x00000007ca800000, 0x00000007ca800000|100%| O|  |TAMS 0x00000007ca800000, 0x00000007ca600000| Untracked 
|1120|0x00000007ca800000, 0x00000007caa00000, 0x00000007caa00000|100%| O|  |TAMS 0x00000007caa00000, 0x00000007ca800000| Untracked 
|1121|0x00000007caa00000, 0x00000007cac00000, 0x00000007cac00000|100%| O|  |TAMS 0x00000007cac00000, 0x00000007caa00000| Untracked 
|1122|0x00000007cac00000, 0x00000007cae00000, 0x00000007cae00000|100%| O|  |TAMS 0x00000007cae00000, 0x00000007cac00000| Untracked 
|1123|0x00000007cae00000, 0x00000007cb000000, 0x00000007cb000000|100%| O|  |TAMS 0x00000007cb000000, 0x00000007cae00000| Untracked 
|1124|0x00000007cb000000, 0x00000007cb200000, 0x00000007cb200000|100%| O|  |TAMS 0x00000007cb200000, 0x00000007cb000000| Untracked 
|1125|0x00000007cb200000, 0x00000007cb400000, 0x00000007cb400000|100%| O|  |TAMS 0x00000007cb400000, 0x00000007cb200000| Untracked 
|1126|0x00000007cb400000, 0x00000007cb600000, 0x00000007cb600000|100%| O|  |TAMS 0x00000007cb600000, 0x00000007cb400000| Untracked 
|1127|0x00000007cb600000, 0x00000007cb800000, 0x00000007cb800000|100%| O|  |TAMS 0x00000007cb800000, 0x00000007cb600000| Untracked 
|1128|0x00000007cb800000, 0x00000007cba00000, 0x00000007cba00000|100%| O|  |TAMS 0x00000007cba00000, 0x00000007cb800000| Untracked 
|1129|0x00000007cba00000, 0x00000007cbc00000, 0x00000007cbc00000|100%| O|  |TAMS 0x00000007cbc00000, 0x00000007cba00000| Untracked 
|1130|0x00000007cbc00000, 0x00000007cbe00000, 0x00000007cbe00000|100%| O|  |TAMS 0x00000007cbe00000, 0x00000007cbc00000| Untracked 
|1131|0x00000007cbe00000, 0x00000007cc000000, 0x00000007cc000000|100%| O|  |TAMS 0x00000007cc000000, 0x00000007cbe00000| Untracked 
|1132|0x00000007cc000000, 0x00000007cc200000, 0x00000007cc200000|100%| O|  |TAMS 0x00000007cc200000, 0x00000007cc000000| Untracked 
|1133|0x00000007cc200000, 0x00000007cc400000, 0x00000007cc400000|100%| O|  |TAMS 0x00000007cc400000, 0x00000007cc200000| Untracked 
|1134|0x00000007cc400000, 0x00000007cc600000, 0x00000007cc600000|100%| O|  |TAMS 0x00000007cc600000, 0x00000007cc400000| Untracked 
|1135|0x00000007cc600000, 0x00000007cc800000, 0x00000007cc800000|100%| O|  |TAMS 0x00000007cc800000, 0x00000007cc600000| Untracked 
|1136|0x00000007cc800000, 0x00000007cca00000, 0x00000007cca00000|100%| O|  |TAMS 0x00000007cca00000, 0x00000007cc800000| Untracked 
|1137|0x00000007cca00000, 0x00000007ccc00000, 0x00000007ccc00000|100%| O|  |TAMS 0x00000007ccc00000, 0x00000007cca00000| Untracked 
|1138|0x00000007ccc00000, 0x00000007cce00000, 0x00000007cce00000|100%| O|  |TAMS 0x00000007cce00000, 0x00000007ccc00000| Untracked 
|1139|0x00000007cce00000, 0x00000007cd000000, 0x00000007cd000000|100%| O|  |TAMS 0x00000007cd000000, 0x00000007cce00000| Untracked 
|1140|0x00000007cd000000, 0x00000007cd200000, 0x00000007cd200000|100%| O|  |TAMS 0x00000007cd200000, 0x00000007cd000000| Untracked 
|1141|0x00000007cd200000, 0x00000007cd400000, 0x00000007cd400000|100%| O|  |TAMS 0x00000007cd400000, 0x00000007cd200000| Untracked 
|1142|0x00000007cd400000, 0x00000007cd600000, 0x00000007cd600000|100%| O|  |TAMS 0x00000007cd600000, 0x00000007cd400000| Untracked 
|1143|0x00000007cd600000, 0x00000007cd800000, 0x00000007cd800000|100%| O|  |TAMS 0x00000007cd800000, 0x00000007cd600000| Untracked 
|1144|0x00000007cd800000, 0x00000007cda00000, 0x00000007cda00000|100%| O|  |TAMS 0x00000007cda00000, 0x00000007cd800000| Untracked 
|1145|0x00000007cda00000, 0x00000007cdc00000, 0x00000007cdc00000|100%| O|  |TAMS 0x00000007cdc00000, 0x00000007cda00000| Untracked 
|1146|0x00000007cdc00000, 0x00000007cde00000, 0x00000007cde00000|100%| O|  |TAMS 0x00000007cde00000, 0x00000007cdc00000| Untracked 
|1147|0x00000007cde00000, 0x00000007ce000000, 0x00000007ce000000|100%| O|  |TAMS 0x00000007ce000000, 0x00000007cde00000| Untracked 
|1148|0x00000007ce000000, 0x00000007ce200000, 0x00000007ce200000|100%| O|  |TAMS 0x00000007ce200000, 0x00000007ce000000| Untracked 
|1149|0x00000007ce200000, 0x00000007ce400000, 0x00000007ce400000|100%| O|  |TAMS 0x00000007ce400000, 0x00000007ce200000| Untracked 
|1150|0x00000007ce400000, 0x00000007ce600000, 0x00000007ce600000|100%| O|  |TAMS 0x00000007ce600000, 0x00000007ce400000| Untracked 
|1151|0x00000007ce600000, 0x00000007ce800000, 0x00000007ce800000|100%| O|  |TAMS 0x00000007ce800000, 0x00000007ce600000| Untracked 
|1152|0x00000007ce800000, 0x00000007cea00000, 0x00000007cea00000|100%| O|  |TAMS 0x00000007cea00000, 0x00000007ce800000| Untracked 
|1153|0x00000007cea00000, 0x00000007cec00000, 0x00000007cec00000|100%| O|  |TAMS 0x00000007cec00000, 0x00000007cea00000| Untracked 
|1154|0x00000007cec00000, 0x00000007cee00000, 0x00000007cee00000|100%| O|  |TAMS 0x00000007cee00000, 0x00000007cec00000| Untracked 
|1155|0x00000007cee00000, 0x00000007cf000000, 0x00000007cf000000|100%| O|  |TAMS 0x00000007cf000000, 0x00000007cee00000| Untracked 
|1156|0x00000007cf000000, 0x00000007cf200000, 0x00000007cf200000|100%| O|  |TAMS 0x00000007cf200000, 0x00000007cf000000| Untracked 
|1157|0x00000007cf200000, 0x00000007cf400000, 0x00000007cf400000|100%| O|  |TAMS 0x00000007cf400000, 0x00000007cf200000| Untracked 
|1158|0x00000007cf400000, 0x00000007cf600000, 0x00000007cf600000|100%| O|  |TAMS 0x00000007cf600000, 0x00000007cf400000| Untracked 
|1159|0x00000007cf600000, 0x00000007cf800000, 0x00000007cf800000|100%| O|  |TAMS 0x00000007cf800000, 0x00000007cf600000| Untracked 
|1160|0x00000007cf800000, 0x00000007cfa00000, 0x00000007cfa00000|100%| O|  |TAMS 0x00000007cfa00000, 0x00000007cf800000| Untracked 
|1161|0x00000007cfa00000, 0x00000007cfc00000, 0x00000007cfc00000|100%| O|  |TAMS 0x00000007cfc00000, 0x00000007cfa00000| Untracked 
|1162|0x00000007cfc00000, 0x00000007cfe00000, 0x00000007cfe00000|100%| O|  |TAMS 0x00000007cfe00000, 0x00000007cfc00000| Untracked 
|1163|0x00000007cfe00000, 0x00000007d0000000, 0x00000007d0000000|100%| O|  |TAMS 0x00000007d0000000, 0x00000007cfe00000| Untracked 
|1164|0x00000007d0000000, 0x00000007d0200000, 0x00000007d0200000|100%| O|  |TAMS 0x00000007d0200000, 0x00000007d0000000| Untracked 
|1165|0x00000007d0200000, 0x00000007d0400000, 0x00000007d0400000|100%| O|  |TAMS 0x00000007d0400000, 0x00000007d0200000| Untracked 
|1166|0x00000007d0400000, 0x00000007d0600000, 0x00000007d0600000|100%| O|  |TAMS 0x00000007d0600000, 0x00000007d0400000| Untracked 
|1167|0x00000007d0600000, 0x00000007d0800000, 0x00000007d0800000|100%| O|  |TAMS 0x00000007d0800000, 0x00000007d0600000| Untracked 
|1168|0x00000007d0800000, 0x00000007d0a00000, 0x00000007d0a00000|100%| O|  |TAMS 0x00000007d0a00000, 0x00000007d0800000| Untracked 
|1169|0x00000007d0a00000, 0x00000007d0c00000, 0x00000007d0c00000|100%| O|  |TAMS 0x00000007d0c00000, 0x00000007d0a00000| Untracked 
|1170|0x00000007d0c00000, 0x00000007d0e00000, 0x00000007d0e00000|100%| O|  |TAMS 0x00000007d0e00000, 0x00000007d0c00000| Untracked 
|1171|0x00000007d0e00000, 0x00000007d1000000, 0x00000007d1000000|100%| O|  |TAMS 0x00000007d1000000, 0x00000007d0e00000| Untracked 
|1172|0x00000007d1000000, 0x00000007d1200000, 0x00000007d1200000|100%| O|  |TAMS 0x00000007d1200000, 0x00000007d1000000| Untracked 
|1173|0x00000007d1200000, 0x00000007d1400000, 0x00000007d1400000|100%| O|  |TAMS 0x00000007d1400000, 0x00000007d1200000| Untracked 
|1174|0x00000007d1400000, 0x00000007d1600000, 0x00000007d1600000|100%| O|  |TAMS 0x00000007d1600000, 0x00000007d1400000| Untracked 
|1175|0x00000007d1600000, 0x00000007d1800000, 0x00000007d1800000|100%| O|  |TAMS 0x00000007d1800000, 0x00000007d1600000| Untracked 
|1176|0x00000007d1800000, 0x00000007d1a00000, 0x00000007d1a00000|100%| O|  |TAMS 0x00000007d1a00000, 0x00000007d1800000| Untracked 
|1177|0x00000007d1a00000, 0x00000007d1c00000, 0x00000007d1c00000|100%| O|  |TAMS 0x00000007d1c00000, 0x00000007d1a00000| Untracked 
|1178|0x00000007d1c00000, 0x00000007d1e00000, 0x00000007d1e00000|100%| O|  |TAMS 0x00000007d1e00000, 0x00000007d1c00000| Untracked 
|1179|0x00000007d1e00000, 0x00000007d2000000, 0x00000007d2000000|100%| O|  |TAMS 0x00000007d2000000, 0x00000007d1e00000| Untracked 
|1180|0x00000007d2000000, 0x00000007d2200000, 0x00000007d2200000|100%| O|  |TAMS 0x00000007d2200000, 0x00000007d2000000| Untracked 
|1181|0x00000007d2200000, 0x00000007d2400000, 0x00000007d2400000|100%| O|  |TAMS 0x00000007d2400000, 0x00000007d2200000| Untracked 
|1182|0x00000007d2400000, 0x00000007d2600000, 0x00000007d2600000|100%| O|  |TAMS 0x00000007d2600000, 0x00000007d2400000| Untracked 
|1183|0x00000007d2600000, 0x00000007d2800000, 0x00000007d2800000|100%| O|  |TAMS 0x00000007d2800000, 0x00000007d2600000| Untracked 
|1184|0x00000007d2800000, 0x00000007d2a00000, 0x00000007d2a00000|100%| O|  |TAMS 0x00000007d2a00000, 0x00000007d2800000| Untracked 
|1185|0x00000007d2a00000, 0x00000007d2c00000, 0x00000007d2c00000|100%| O|  |TAMS 0x00000007d2c00000, 0x00000007d2a00000| Untracked 
|1186|0x00000007d2c00000, 0x00000007d2e00000, 0x00000007d2e00000|100%| O|  |TAMS 0x00000007d2e00000, 0x00000007d2c00000| Untracked 
|1187|0x00000007d2e00000, 0x00000007d3000000, 0x00000007d3000000|100%| O|  |TAMS 0x00000007d3000000, 0x00000007d2e00000| Untracked 
|1188|0x00000007d3000000, 0x00000007d3200000, 0x00000007d3200000|100%| O|  |TAMS 0x00000007d3200000, 0x00000007d3000000| Untracked 
|1189|0x00000007d3200000, 0x00000007d3400000, 0x00000007d3400000|100%| O|  |TAMS 0x00000007d3400000, 0x00000007d3200000| Untracked 
|1190|0x00000007d3400000, 0x00000007d3600000, 0x00000007d3600000|100%| O|  |TAMS 0x00000007d3600000, 0x00000007d3400000| Untracked 
|1191|0x00000007d3600000, 0x00000007d3800000, 0x00000007d3800000|100%| O|  |TAMS 0x00000007d3800000, 0x00000007d3600000| Untracked 
|1192|0x00000007d3800000, 0x00000007d3a00000, 0x00000007d3a00000|100%| O|  |TAMS 0x00000007d3a00000, 0x00000007d3800000| Untracked 
|1193|0x00000007d3a00000, 0x00000007d3c00000, 0x00000007d3c00000|100%| O|  |TAMS 0x00000007d3c00000, 0x00000007d3a00000| Untracked 
|1194|0x00000007d3c00000, 0x00000007d3e00000, 0x00000007d3e00000|100%| O|  |TAMS 0x00000007d3e00000, 0x00000007d3c00000| Untracked 
|1195|0x00000007d3e00000, 0x00000007d4000000, 0x00000007d4000000|100%| O|  |TAMS 0x00000007d4000000, 0x00000007d3e00000| Untracked 
|1196|0x00000007d4000000, 0x00000007d4200000, 0x00000007d4200000|100%| O|  |TAMS 0x00000007d4200000, 0x00000007d4000000| Untracked 
|1197|0x00000007d4200000, 0x00000007d4400000, 0x00000007d4400000|100%| O|  |TAMS 0x00000007d4400000, 0x00000007d4200000| Untracked 
|1198|0x00000007d4400000, 0x00000007d4600000, 0x00000007d4600000|100%| O|  |TAMS 0x00000007d4600000, 0x00000007d4400000| Untracked 
|1199|0x00000007d4600000, 0x00000007d4800000, 0x00000007d4800000|100%| O|  |TAMS 0x00000007d4800000, 0x00000007d4600000| Untracked 
|1200|0x00000007d4800000, 0x00000007d4a00000, 0x00000007d4a00000|100%| O|  |TAMS 0x00000007d4a00000, 0x00000007d4800000| Untracked 
|1201|0x00000007d4a00000, 0x00000007d4c00000, 0x00000007d4c00000|100%| O|  |TAMS 0x00000007d4c00000, 0x00000007d4a00000| Untracked 
|1202|0x00000007d4c00000, 0x00000007d4e00000, 0x00000007d4e00000|100%| O|  |TAMS 0x00000007d4e00000, 0x00000007d4c00000| Untracked 
|1203|0x00000007d4e00000, 0x00000007d5000000, 0x00000007d5000000|100%| O|  |TAMS 0x00000007d5000000, 0x00000007d4e00000| Untracked 
|1204|0x00000007d5000000, 0x00000007d5200000, 0x00000007d5200000|100%| O|  |TAMS 0x00000007d5200000, 0x00000007d5000000| Untracked 
|1205|0x00000007d5200000, 0x00000007d5400000, 0x00000007d5400000|100%| O|  |TAMS 0x00000007d5400000, 0x00000007d5200000| Untracked 
|1206|0x00000007d5400000, 0x00000007d5600000, 0x00000007d5600000|100%| O|  |TAMS 0x00000007d5600000, 0x00000007d5400000| Untracked 
|1207|0x00000007d5600000, 0x00000007d5800000, 0x00000007d5800000|100%| O|  |TAMS 0x00000007d5800000, 0x00000007d5600000| Untracked 
|1208|0x00000007d5800000, 0x00000007d5a00000, 0x00000007d5a00000|100%| O|  |TAMS 0x00000007d5a00000, 0x00000007d5800000| Untracked 
|1209|0x00000007d5a00000, 0x00000007d5c00000, 0x00000007d5c00000|100%| O|  |TAMS 0x00000007d5c00000, 0x00000007d5a00000| Untracked 
|1210|0x00000007d5c00000, 0x00000007d5e00000, 0x00000007d5e00000|100%| O|  |TAMS 0x00000007d5e00000, 0x00000007d5c00000| Untracked 
|1211|0x00000007d5e00000, 0x00000007d6000000, 0x00000007d6000000|100%| O|  |TAMS 0x00000007d6000000, 0x00000007d5e00000| Untracked 
|1212|0x00000007d6000000, 0x00000007d6200000, 0x00000007d6200000|100%| O|  |TAMS 0x00000007d6200000, 0x00000007d6000000| Untracked 
|1213|0x00000007d6200000, 0x00000007d6400000, 0x00000007d6400000|100%| O|  |TAMS 0x00000007d6400000, 0x00000007d6200000| Untracked 
|1214|0x00000007d6400000, 0x00000007d6600000, 0x00000007d6600000|100%| O|  |TAMS 0x00000007d6600000, 0x00000007d6400000| Untracked 
|1215|0x00000007d6600000, 0x00000007d6800000, 0x00000007d6800000|100%| O|  |TAMS 0x00000007d6800000, 0x00000007d6600000| Untracked 
|1216|0x00000007d6800000, 0x00000007d6a00000, 0x00000007d6a00000|100%| O|  |TAMS 0x00000007d6a00000, 0x00000007d6800000| Untracked 
|1217|0x00000007d6a00000, 0x00000007d6c00000, 0x00000007d6c00000|100%| O|  |TAMS 0x00000007d6c00000, 0x00000007d6a00000| Untracked 
|1218|0x00000007d6c00000, 0x00000007d6e00000, 0x00000007d6e00000|100%| O|  |TAMS 0x00000007d6e00000, 0x00000007d6c00000| Untracked 
|1219|0x00000007d6e00000, 0x00000007d7000000, 0x00000007d7000000|100%| O|  |TAMS 0x00000007d7000000, 0x00000007d6e00000| Untracked 
|1220|0x00000007d7000000, 0x00000007d7200000, 0x00000007d7200000|100%| O|  |TAMS 0x00000007d7200000, 0x00000007d7000000| Untracked 
|1221|0x00000007d7200000, 0x00000007d7371800, 0x00000007d7400000| 72%| O|  |TAMS 0x00000007d7206c00, 0x00000007d7200000| Updating 
|1222|0x00000007d7400000, 0x00000007d7400000, 0x00000007d7600000|  0%| F|  |TAMS 0x00000007d7400000, 0x00000007d7400000| Untracked 
|1223|0x00000007d7600000, 0x00000007d7600000, 0x00000007d7800000|  0%| F|  |TAMS 0x00000007d7600000, 0x00000007d7600000| Untracked 
|1224|0x00000007d7800000, 0x00000007d7800000, 0x00000007d7a00000|  0%| F|  |TAMS 0x00000007d7800000, 0x00000007d7800000| Untracked 
|1225|0x00000007d7a00000, 0x00000007d7a00000, 0x00000007d7c00000|  0%| F|  |TAMS 0x00000007d7a00000, 0x00000007d7a00000| Untracked 
|1226|0x00000007d7c00000, 0x00000007d7c00000, 0x00000007d7e00000|  0%| F|  |TAMS 0x00000007d7c00000, 0x00000007d7c00000| Untracked 
|1227|0x00000007d7e00000, 0x00000007d7e00000, 0x00000007d8000000|  0%| F|  |TAMS 0x00000007d7e00000, 0x00000007d7e00000| Untracked 
|1228|0x00000007d8000000, 0x00000007d8000000, 0x00000007d8200000|  0%| F|  |TAMS 0x00000007d8000000, 0x00000007d8000000| Untracked 
|1229|0x00000007d8200000, 0x00000007d8200000, 0x00000007d8400000|  0%| F|  |TAMS 0x00000007d8200000, 0x00000007d8200000| Untracked 
|1230|0x00000007d8400000, 0x00000007d8400000, 0x00000007d8600000|  0%| F|  |TAMS 0x00000007d8400000, 0x00000007d8400000| Untracked 
|1231|0x00000007d8600000, 0x00000007d8600000, 0x00000007d8800000|  0%| F|  |TAMS 0x00000007d8600000, 0x00000007d8600000| Untracked 
|1232|0x00000007d8800000, 0x00000007d8800000, 0x00000007d8a00000|  0%| F|  |TAMS 0x00000007d8800000, 0x00000007d8800000| Untracked 
|1233|0x00000007d8a00000, 0x00000007d8a00000, 0x00000007d8c00000|  0%| F|  |TAMS 0x00000007d8a00000, 0x00000007d8a00000| Untracked 
|1234|0x00000007d8c00000, 0x00000007d8c00000, 0x00000007d8e00000|  0%| F|  |TAMS 0x00000007d8c00000, 0x00000007d8c00000| Untracked 
|1235|0x00000007d8e00000, 0x00000007d8e00000, 0x00000007d9000000|  0%| F|  |TAMS 0x00000007d8e00000, 0x00000007d8e00000| Untracked 
|1236|0x00000007d9000000, 0x00000007d9000000, 0x00000007d9200000|  0%| F|  |TAMS 0x00000007d9000000, 0x00000007d9000000| Untracked 
|1237|0x00000007d9200000, 0x00000007d9200000, 0x00000007d9400000|  0%| F|  |TAMS 0x00000007d9200000, 0x00000007d9200000| Untracked 
|1238|0x00000007d9400000, 0x00000007d9400000, 0x00000007d9600000|  0%| F|  |TAMS 0x00000007d9400000, 0x00000007d9400000| Untracked 
|1239|0x00000007d9600000, 0x00000007d9600000, 0x00000007d9800000|  0%| F|  |TAMS 0x00000007d9600000, 0x00000007d9600000| Untracked 
|1240|0x00000007d9800000, 0x00000007d9800000, 0x00000007d9a00000|  0%| F|  |TAMS 0x00000007d9800000, 0x00000007d9800000| Untracked 
|1241|0x00000007d9a00000, 0x00000007d9a00000, 0x00000007d9c00000|  0%| F|  |TAMS 0x00000007d9a00000, 0x00000007d9a00000| Untracked 
|1242|0x00000007d9c00000, 0x00000007d9c00000, 0x00000007d9e00000|  0%| F|  |TAMS 0x00000007d9c00000, 0x00000007d9c00000| Untracked 
|1243|0x00000007d9e00000, 0x00000007d9e00000, 0x00000007da000000|  0%| F|  |TAMS 0x00000007d9e00000, 0x00000007d9e00000| Untracked 
|1244|0x00000007da000000, 0x00000007da000000, 0x00000007da200000|  0%| F|  |TAMS 0x00000007da000000, 0x00000007da000000| Untracked 
|1245|0x00000007da200000, 0x00000007da200000, 0x00000007da400000|  0%| F|  |TAMS 0x00000007da200000, 0x00000007da200000| Untracked 
|1246|0x00000007da400000, 0x00000007da400000, 0x00000007da600000|  0%| F|  |TAMS 0x00000007da400000, 0x00000007da400000| Untracked 
|1247|0x00000007da600000, 0x00000007da600000, 0x00000007da800000|  0%| F|  |TAMS 0x00000007da600000, 0x00000007da600000| Untracked 
|1248|0x00000007da800000, 0x00000007da800000, 0x00000007daa00000|  0%| F|  |TAMS 0x00000007da800000, 0x00000007da800000| Untracked 
|1249|0x00000007daa00000, 0x00000007daa00000, 0x00000007dac00000|  0%| F|  |TAMS 0x00000007daa00000, 0x00000007daa00000| Untracked 
|1250|0x00000007dac00000, 0x00000007dac00000, 0x00000007dae00000|  0%| F|  |TAMS 0x00000007dac00000, 0x00000007dac00000| Untracked 
|1251|0x00000007dae00000, 0x00000007dae00000, 0x00000007db000000|  0%| F|  |TAMS 0x00000007dae00000, 0x00000007dae00000| Untracked 
|1252|0x00000007db000000, 0x00000007db000000, 0x00000007db200000|  0%| F|  |TAMS 0x00000007db000000, 0x00000007db000000| Untracked 
|1253|0x00000007db200000, 0x00000007db200000, 0x00000007db400000|  0%| F|  |TAMS 0x00000007db200000, 0x00000007db200000| Untracked 
|1254|0x00000007db400000, 0x00000007db400000, 0x00000007db600000|  0%| F|  |TAMS 0x00000007db400000, 0x00000007db400000| Untracked 
|1255|0x00000007db600000, 0x00000007db600000, 0x00000007db800000|  0%| F|  |TAMS 0x00000007db600000, 0x00000007db600000| Untracked 
|1256|0x00000007db800000, 0x00000007db800000, 0x00000007dba00000|  0%| F|  |TAMS 0x00000007db800000, 0x00000007db800000| Untracked 
|1257|0x00000007dba00000, 0x00000007dba00000, 0x00000007dbc00000|  0%| F|  |TAMS 0x00000007dba00000, 0x00000007dba00000| Untracked 
|1258|0x00000007dbc00000, 0x00000007dbc00000, 0x00000007dbe00000|  0%| F|  |TAMS 0x00000007dbc00000, 0x00000007dbc00000| Untracked 
|1259|0x00000007dbe00000, 0x00000007dbe00000, 0x00000007dc000000|  0%| F|  |TAMS 0x00000007dbe00000, 0x00000007dbe00000| Untracked 
|1260|0x00000007dc000000, 0x00000007dc000000, 0x00000007dc200000|  0%| F|  |TAMS 0x00000007dc000000, 0x00000007dc000000| Untracked 
|1261|0x00000007dc200000, 0x00000007dc200000, 0x00000007dc400000|  0%| F|  |TAMS 0x00000007dc200000, 0x00000007dc200000| Untracked 
|1262|0x00000007dc400000, 0x00000007dc400000, 0x00000007dc600000|  0%| F|  |TAMS 0x00000007dc400000, 0x00000007dc400000| Untracked 
|1263|0x00000007dc600000, 0x00000007dc600000, 0x00000007dc800000|  0%| F|  |TAMS 0x00000007dc600000, 0x00000007dc600000| Untracked 
|1264|0x00000007dc800000, 0x00000007dc800000, 0x00000007dca00000|  0%| F|  |TAMS 0x00000007dc800000, 0x00000007dc800000| Untracked 
|1265|0x00000007dca00000, 0x00000007dca00000, 0x00000007dcc00000|  0%| F|  |TAMS 0x00000007dca00000, 0x00000007dca00000| Untracked 
|1266|0x00000007dcc00000, 0x00000007dcc00000, 0x00000007dce00000|  0%| F|  |TAMS 0x00000007dcc00000, 0x00000007dcc00000| Untracked 
|1267|0x00000007dce00000, 0x00000007dce00000, 0x00000007dd000000|  0%| F|  |TAMS 0x00000007dce00000, 0x00000007dce00000| Untracked 
|1268|0x00000007dd000000, 0x00000007dd000000, 0x00000007dd200000|  0%| F|  |TAMS 0x00000007dd000000, 0x00000007dd000000| Untracked 
|1269|0x00000007dd200000, 0x00000007dd200000, 0x00000007dd400000|  0%| F|  |TAMS 0x00000007dd200000, 0x00000007dd200000| Untracked 
|1270|0x00000007dd400000, 0x00000007dd400000, 0x00000007dd600000|  0%| F|  |TAMS 0x00000007dd400000, 0x00000007dd400000| Untracked 
|1271|0x00000007dd600000, 0x00000007dd600000, 0x00000007dd800000|  0%| F|  |TAMS 0x00000007dd600000, 0x00000007dd600000| Untracked 
|1272|0x00000007dd800000, 0x00000007dd800000, 0x00000007dda00000|  0%| F|  |TAMS 0x00000007dd800000, 0x00000007dd800000| Untracked 
|1273|0x00000007dda00000, 0x00000007dda00000, 0x00000007ddc00000|  0%| F|  |TAMS 0x00000007dda00000, 0x00000007dda00000| Untracked 
|1274|0x00000007ddc00000, 0x00000007ddc00000, 0x00000007dde00000|  0%| F|  |TAMS 0x00000007ddc00000, 0x00000007ddc00000| Untracked 
|1275|0x00000007dde00000, 0x00000007dde00000, 0x00000007de000000|  0%| F|  |TAMS 0x00000007dde00000, 0x00000007dde00000| Untracked 
|1276|0x00000007de000000, 0x00000007de000000, 0x00000007de200000|  0%| F|  |TAMS 0x00000007de000000, 0x00000007de000000| Untracked 
|1277|0x00000007de200000, 0x00000007de200000, 0x00000007de400000|  0%| F|  |TAMS 0x00000007de200000, 0x00000007de200000| Untracked 
|1278|0x00000007de400000, 0x00000007de400000, 0x00000007de600000|  0%| F|  |TAMS 0x00000007de400000, 0x00000007de400000| Untracked 
|1279|0x00000007de600000, 0x00000007de600000, 0x00000007de800000|  0%| F|  |TAMS 0x00000007de600000, 0x00000007de600000| Untracked 
|1280|0x00000007de800000, 0x00000007de800000, 0x00000007dea00000|  0%| F|  |TAMS 0x00000007de800000, 0x00000007de800000| Untracked 
|1281|0x00000007dea00000, 0x00000007dea00000, 0x00000007dec00000|  0%| F|  |TAMS 0x00000007dea00000, 0x00000007dea00000| Untracked 
|1282|0x00000007dec00000, 0x00000007dec00000, 0x00000007dee00000|  0%| F|  |TAMS 0x00000007dec00000, 0x00000007dec00000| Untracked 
|1283|0x00000007dee00000, 0x00000007dee00000, 0x00000007df000000|  0%| F|  |TAMS 0x00000007dee00000, 0x00000007dee00000| Untracked 
|1284|0x00000007df000000, 0x00000007df000000, 0x00000007df200000|  0%| F|  |TAMS 0x00000007df000000, 0x00000007df000000| Untracked 
|1285|0x00000007df200000, 0x00000007df200000, 0x00000007df400000|  0%| F|  |TAMS 0x00000007df200000, 0x00000007df200000| Untracked 
|1286|0x00000007df400000, 0x00000007df4f4778, 0x00000007df600000| 47%| S|CS|TAMS 0x00000007df400000, 0x00000007df400000| Complete 
|1287|0x00000007df600000, 0x00000007df800000, 0x00000007df800000|100%| S|CS|TAMS 0x00000007df600000, 0x00000007df600000| Complete 
|1288|0x00000007df800000, 0x00000007df800000, 0x00000007dfa00000|  0%| F|  |TAMS 0x00000007df800000, 0x00000007df800000| Untracked 
|1289|0x00000007dfa00000, 0x00000007dfa00000, 0x00000007dfc00000|  0%| F|  |TAMS 0x00000007dfa00000, 0x00000007dfa00000| Untracked 
|1290|0x00000007dfc00000, 0x00000007dfe00000, 0x00000007dfe00000|100%| S|CS|TAMS 0x00000007dfc00000, 0x00000007dfc00000| Complete 
|1291|0x00000007dfe00000, 0x00000007e0000000, 0x00000007e0000000|100%| S|CS|TAMS 0x00000007dfe00000, 0x00000007dfe00000| Complete 
|1292|0x00000007e0000000, 0x00000007e0000000, 0x00000007e0200000|  0%| F|  |TAMS 0x00000007e0000000, 0x00000007e0000000| Untracked 
|1293|0x00000007e0200000, 0x00000007e0200000, 0x00000007e0400000|  0%| F|  |TAMS 0x00000007e0200000, 0x00000007e0200000| Untracked 
|1294|0x00000007e0400000, 0x00000007e0600000, 0x00000007e0600000|100%| S|CS|TAMS 0x00000007e0400000, 0x00000007e0400000| Complete 
|1295|0x00000007e0600000, 0x00000007e0800000, 0x00000007e0800000|100%| S|CS|TAMS 0x00000007e0600000, 0x00000007e0600000| Complete 
|1296|0x00000007e0800000, 0x00000007e0800000, 0x00000007e0a00000|  0%| F|  |TAMS 0x00000007e0800000, 0x00000007e0800000| Untracked 
|1297|0x00000007e0a00000, 0x00000007e0a00000, 0x00000007e0c00000|  0%| F|  |TAMS 0x00000007e0a00000, 0x00000007e0a00000| Untracked 
|1298|0x00000007e0c00000, 0x00000007e0c00000, 0x00000007e0e00000|  0%| F|  |TAMS 0x00000007e0c00000, 0x00000007e0c00000| Untracked 
|1299|0x00000007e0e00000, 0x00000007e0e00000, 0x00000007e1000000|  0%| F|  |TAMS 0x00000007e0e00000, 0x00000007e0e00000| Untracked 
|1300|0x00000007e1000000, 0x00000007e1000000, 0x00000007e1200000|  0%| F|  |TAMS 0x00000007e1000000, 0x00000007e1000000| Untracked 
|1301|0x00000007e1200000, 0x00000007e1200000, 0x00000007e1400000|  0%| F|  |TAMS 0x00000007e1200000, 0x00000007e1200000| Untracked 
|1302|0x00000007e1400000, 0x00000007e1400000, 0x00000007e1600000|  0%| F|  |TAMS 0x00000007e1400000, 0x00000007e1400000| Untracked 
|1303|0x00000007e1600000, 0x00000007e1600000, 0x00000007e1800000|  0%| F|  |TAMS 0x00000007e1600000, 0x00000007e1600000| Untracked 
|1304|0x00000007e1800000, 0x00000007e1800000, 0x00000007e1a00000|  0%| F|  |TAMS 0x00000007e1800000, 0x00000007e1800000| Untracked 
|1305|0x00000007e1a00000, 0x00000007e1a00000, 0x00000007e1c00000|  0%| F|  |TAMS 0x00000007e1a00000, 0x00000007e1a00000| Untracked 
|1306|0x00000007e1c00000, 0x00000007e1c00000, 0x00000007e1e00000|  0%| F|  |TAMS 0x00000007e1c00000, 0x00000007e1c00000| Untracked 
|1307|0x00000007e1e00000, 0x00000007e1e00000, 0x00000007e2000000|  0%| F|  |TAMS 0x00000007e1e00000, 0x00000007e1e00000| Untracked 
|1308|0x00000007e2000000, 0x00000007e2000000, 0x00000007e2200000|  0%| F|  |TAMS 0x00000007e2000000, 0x00000007e2000000| Untracked 
|1309|0x00000007e2200000, 0x00000007e2200000, 0x00000007e2400000|  0%| F|  |TAMS 0x00000007e2200000, 0x00000007e2200000| Untracked 
|1310|0x00000007e2400000, 0x00000007e2400000, 0x00000007e2600000|  0%| F|  |TAMS 0x00000007e2400000, 0x00000007e2400000| Untracked 
|1311|0x00000007e2600000, 0x00000007e2600000, 0x00000007e2800000|  0%| F|  |TAMS 0x00000007e2600000, 0x00000007e2600000| Untracked 
|1312|0x00000007e2800000, 0x00000007e2800000, 0x00000007e2a00000|  0%| F|  |TAMS 0x00000007e2800000, 0x00000007e2800000| Untracked 
|1313|0x00000007e2a00000, 0x00000007e2a00000, 0x00000007e2c00000|  0%| F|  |TAMS 0x00000007e2a00000, 0x00000007e2a00000| Untracked 
|1314|0x00000007e2c00000, 0x00000007e2c00000, 0x00000007e2e00000|  0%| F|  |TAMS 0x00000007e2c00000, 0x00000007e2c00000| Untracked 
|1315|0x00000007e2e00000, 0x00000007e2e00000, 0x00000007e3000000|  0%| F|  |TAMS 0x00000007e2e00000, 0x00000007e2e00000| Untracked 
|1316|0x00000007e3000000, 0x00000007e3000000, 0x00000007e3200000|  0%| F|  |TAMS 0x00000007e3000000, 0x00000007e3000000| Untracked 
|1317|0x00000007e3200000, 0x00000007e3200000, 0x00000007e3400000|  0%| F|  |TAMS 0x00000007e3200000, 0x00000007e3200000| Untracked 
|1318|0x00000007e3400000, 0x00000007e3400000, 0x00000007e3600000|  0%| F|  |TAMS 0x00000007e3400000, 0x00000007e3400000| Untracked 
|1319|0x00000007e3600000, 0x00000007e3600000, 0x00000007e3800000|  0%| F|  |TAMS 0x00000007e3600000, 0x00000007e3600000| Untracked 
|1320|0x00000007e3800000, 0x00000007e3800000, 0x00000007e3a00000|  0%| F|  |TAMS 0x00000007e3800000, 0x00000007e3800000| Untracked 
|1321|0x00000007e3a00000, 0x00000007e3a00000, 0x00000007e3c00000|  0%| F|  |TAMS 0x00000007e3a00000, 0x00000007e3a00000| Untracked 
|1322|0x00000007e3c00000, 0x00000007e3c00000, 0x00000007e3e00000|  0%| F|  |TAMS 0x00000007e3c00000, 0x00000007e3c00000| Untracked 
|1323|0x00000007e3e00000, 0x00000007e3e00000, 0x00000007e4000000|  0%| F|  |TAMS 0x00000007e3e00000, 0x00000007e3e00000| Untracked 
|1324|0x00000007e4000000, 0x00000007e4000000, 0x00000007e4200000|  0%| F|  |TAMS 0x00000007e4000000, 0x00000007e4000000| Untracked 
|1325|0x00000007e4200000, 0x00000007e4200000, 0x00000007e4400000|  0%| F|  |TAMS 0x00000007e4200000, 0x00000007e4200000| Untracked 
|1326|0x00000007e4400000, 0x00000007e4400000, 0x00000007e4600000|  0%| F|  |TAMS 0x00000007e4400000, 0x00000007e4400000| Untracked 
|1327|0x00000007e4600000, 0x00000007e4600000, 0x00000007e4800000|  0%| F|  |TAMS 0x00000007e4600000, 0x00000007e4600000| Untracked 
|1328|0x00000007e4800000, 0x00000007e4800000, 0x00000007e4a00000|  0%| F|  |TAMS 0x00000007e4800000, 0x00000007e4800000| Untracked 
|1329|0x00000007e4a00000, 0x00000007e4a00000, 0x00000007e4c00000|  0%| F|  |TAMS 0x00000007e4a00000, 0x00000007e4a00000| Untracked 
|1330|0x00000007e4c00000, 0x00000007e4c00000, 0x00000007e4e00000|  0%| F|  |TAMS 0x00000007e4c00000, 0x00000007e4c00000| Untracked 
|1331|0x00000007e4e00000, 0x00000007e4e00000, 0x00000007e5000000|  0%| F|  |TAMS 0x00000007e4e00000, 0x00000007e4e00000| Untracked 
|1332|0x00000007e5000000, 0x00000007e5000000, 0x00000007e5200000|  0%| F|  |TAMS 0x00000007e5000000, 0x00000007e5000000| Untracked 
|1333|0x00000007e5200000, 0x00000007e5200000, 0x00000007e5400000|  0%| F|  |TAMS 0x00000007e5200000, 0x00000007e5200000| Untracked 
|1334|0x00000007e5400000, 0x00000007e5400000, 0x00000007e5600000|  0%| F|  |TAMS 0x00000007e5400000, 0x00000007e5400000| Untracked 
|1335|0x00000007e5600000, 0x00000007e5600000, 0x00000007e5800000|  0%| F|  |TAMS 0x00000007e5600000, 0x00000007e5600000| Untracked 
|1336|0x00000007e5800000, 0x00000007e5800000, 0x00000007e5a00000|  0%| F|  |TAMS 0x00000007e5800000, 0x00000007e5800000| Untracked 
|1337|0x00000007e5a00000, 0x00000007e5a00000, 0x00000007e5c00000|  0%| F|  |TAMS 0x00000007e5a00000, 0x00000007e5a00000| Untracked 
|1338|0x00000007e5c00000, 0x00000007e5c00000, 0x00000007e5e00000|  0%| F|  |TAMS 0x00000007e5c00000, 0x00000007e5c00000| Untracked 
|1339|0x00000007e5e00000, 0x00000007e5e00000, 0x00000007e6000000|  0%| F|  |TAMS 0x00000007e5e00000, 0x00000007e5e00000| Untracked 
|1340|0x00000007e6000000, 0x00000007e6000000, 0x00000007e6200000|  0%| F|  |TAMS 0x00000007e6000000, 0x00000007e6000000| Untracked 
|1341|0x00000007e6200000, 0x00000007e6200000, 0x00000007e6400000|  0%| F|  |TAMS 0x00000007e6200000, 0x00000007e6200000| Untracked 
|1342|0x00000007e6400000, 0x00000007e6400000, 0x00000007e6600000|  0%| F|  |TAMS 0x00000007e6400000, 0x00000007e6400000| Untracked 
|1343|0x00000007e6600000, 0x00000007e6600000, 0x00000007e6800000|  0%| F|  |TAMS 0x00000007e6600000, 0x00000007e6600000| Untracked 
|1344|0x00000007e6800000, 0x00000007e6800000, 0x00000007e6a00000|  0%| F|  |TAMS 0x00000007e6800000, 0x00000007e6800000| Untracked 
|1345|0x00000007e6a00000, 0x00000007e6a00000, 0x00000007e6c00000|  0%| F|  |TAMS 0x00000007e6a00000, 0x00000007e6a00000| Untracked 
|1346|0x00000007e6c00000, 0x00000007e6c00000, 0x00000007e6e00000|  0%| F|  |TAMS 0x00000007e6c00000, 0x00000007e6c00000| Untracked 
|1347|0x00000007e6e00000, 0x00000007e6e00000, 0x00000007e7000000|  0%| F|  |TAMS 0x00000007e6e00000, 0x00000007e6e00000| Untracked 
|1348|0x00000007e7000000, 0x00000007e7000000, 0x00000007e7200000|  0%| F|  |TAMS 0x00000007e7000000, 0x00000007e7000000| Untracked 
|1349|0x00000007e7200000, 0x00000007e7200000, 0x00000007e7400000|  0%| F|  |TAMS 0x00000007e7200000, 0x00000007e7200000| Untracked 
|1350|0x00000007e7400000, 0x00000007e75392c0, 0x00000007e7600000| 61%| E|  |TAMS 0x00000007e7400000, 0x00000007e7400000| Complete 
|1351|0x00000007e7600000, 0x00000007e7800000, 0x00000007e7800000|100%| E|CS|TAMS 0x00000007e7600000, 0x00000007e7600000| Complete 
|1352|0x00000007e7800000, 0x00000007e7a00000, 0x00000007e7a00000|100%| E|CS|TAMS 0x00000007e7800000, 0x00000007e7800000| Complete 
|1353|0x00000007e7a00000, 0x00000007e7c00000, 0x00000007e7c00000|100%| E|CS|TAMS 0x00000007e7a00000, 0x00000007e7a00000| Complete 
|1354|0x00000007e7c00000, 0x00000007e7e00000, 0x00000007e7e00000|100%| E|CS|TAMS 0x00000007e7c00000, 0x00000007e7c00000| Complete 
|1355|0x00000007e7e00000, 0x00000007e8000000, 0x00000007e8000000|100%| E|CS|TAMS 0x00000007e7e00000, 0x00000007e7e00000| Complete 
|1356|0x00000007e8000000, 0x00000007e8200000, 0x00000007e8200000|100%| E|CS|TAMS 0x00000007e8000000, 0x00000007e8000000| Complete 
|1357|0x00000007e8200000, 0x00000007e8400000, 0x00000007e8400000|100%| E|CS|TAMS 0x00000007e8200000, 0x00000007e8200000| Complete 
|1358|0x00000007e8400000, 0x00000007e8600000, 0x00000007e8600000|100%| E|CS|TAMS 0x00000007e8400000, 0x00000007e8400000| Complete 

Card table byte_map: [0x000002855d1f0000,0x000002855d800000] _byte_map_base: 0x00000285597fc000

Marking Bits (Prev, Next): (CMBitMap*) 0x0000028549ac2bb0, (CMBitMap*) 0x0000028549ac2b70
 Prev Bits: [0x0000028560e70000, 0x0000028563ed0000)
 Next Bits: [0x000002855de10000, 0x0000028560e70000)

Polling page: 0x00000285479e0000

Metaspace:

Usage:
  Non-class:      7.89 MB used.
      Class:    737.80 KB used.
       Both:      8.61 MB used.

Virtual space:
  Non-class space:        8.00 MB reserved,       7.94 MB (>99%) committed,  1 nodes.
      Class space:        1.00 GB reserved,     832.00 KB ( <1%) committed,  1 nodes.
             Both:        1.01 GB reserved,       8.75 MB ( <1%) committed. 

Chunk freelists:
   Non-Class:  0 bytes
       Class:  3.15 MB
        Both:  3.15 MB

MaxMetaspaceSize: unlimited
CompressedClassSpaceSize: 1.00 GB
Initial GC threshold: 21.00 MB
Current GC threshold: 21.00 MB
CDS: off
MetaspaceReclaimPolicy: balanced
 - commit_granule_bytes: 65536.
 - commit_granule_words: 8192.
 - virtual_space_node_default_size: 1048576.
 - enlarge_chunks_in_place: 1.
 - new_chunks_are_fully_committed: 0.
 - uncommit_free_chunks: 1.
 - use_allocation_guard: 0.
 - handle_deallocations: 1.


Internal statistics:

num_allocs_failed_limit: 0.
num_arena_births: 8.
num_arena_deaths: 0.
num_vsnodes_births: 2.
num_vsnodes_deaths: 0.
num_space_committed: 140.
num_space_uncommitted: 0.
num_chunks_returned_to_freelist: 0.
num_chunks_taken_from_freelist: 75.
num_chunk_merges: 0.
num_chunk_splits: 52.
num_chunks_enlarged: 47.
num_purges: 0.
num_inconsistent_stats: 0.

CodeHeap 'non-profiled nmethods': size=119168Kb used=1305Kb max_used=1305Kb free=117863Kb
 bounds [0x0000028554cc0000, 0x0000028554f30000, 0x000002855c120000]
CodeHeap 'profiled nmethods': size=119104Kb used=2552Kb max_used=2552Kb free=116551Kb
 bounds [0x000002854d870000, 0x000002854daf0000, 0x0000028554cc0000]
CodeHeap 'non-nmethods': size=7488Kb used=1246Kb max_used=2967Kb free=6241Kb
 bounds [0x000002854d120000, 0x000002854d410000, 0x000002854d870000]
 total_blobs=1873 nmethods=1311 adapters=475
 compilation: enabled
              stopped_count=0, restarted_count=0
 full_count=0

Compilation events (20 events):
Event: 8454.415 Thread 0x0000028567c60250 1301       4       ilog.cplex.CplexI::fillXcache (85 bytes)
Event: 8454.418 Thread 0x0000028567c60250 nmethod 1301 0x0000028554dff910 code [0x0000028554dffac0, 0x0000028554dffff8]
Event: 8522.889 Thread 0x0000028567c60250 1302       4       jdk.internal.math.FloatingDecimal$BinaryToASCIIBuffer::getChars (502 bytes)
Event: 8522.895 Thread 0x0000028567c60250 nmethod 1302 0x0000028554e00290 code [0x0000028554e00460, 0x0000028554e00e28]
Event: 8964.072 Thread 0x0000028567c60250 1303       4       ilog.cplex.CplexI::checkCallbacks (40 bytes)
Event: 8964.073 Thread 0x0000028567c60250 nmethod 1303 0x0000028554e01410 code [0x0000028554e015a0, 0x0000028554e01808]
Event: 10641.321 Thread 0x0000028567c60250 1304   !   4       java.nio.charset.CharsetEncoder::encode (273 bytes)
Event: 10641.331 Thread 0x0000028567c60250 nmethod 1304 0x0000028554e01a10 code [0x0000028554e01c40, 0x0000028554e02170]
Event: 11229.968 Thread 0x0000028567c60cf0 1305       3       jdk.internal.math.FDBigInteger::valueOfPow52 (101 bytes)
Event: 11229.970 Thread 0x0000028567c60cf0 nmethod 1305 0x000002854daec010 code [0x000002854daec260, 0x000002854daecaf8]
Event: 12038.122 Thread 0x0000028567c60250 1306   !   4       java.lang.ref.Reference::processPendingReferences (118 bytes)
Event: 12038.128 Thread 0x0000028567c60250 nmethod 1306 0x0000028554e02790 code [0x0000028554e02960, 0x0000028554e02f50]
Event: 14072.311 Thread 0x0000028567c60250 1307       4       ilog.cplex.IloCplex::solve (15 bytes)
Event: 14072.334 Thread 0x0000028567c60250 nmethod 1307 0x0000028554e03190 code [0x0000028554e034a0, 0x0000028554e04fd0]
Event: 14578.002 Thread 0x0000028567c60cf0 1308   !   3       java.lang.ref.ReferenceQueue::remove (125 bytes)
Event: 14578.005 Thread 0x0000028567c60cf0 nmethod 1308 0x000002854daecd90 code [0x000002854daecfa0, 0x000002854daed738]
Event: 14638.008 Thread 0x0000028567c60cf0 1309   !   3       jdk.internal.ref.PhantomCleanable::isListEmpty (34 bytes)
Event: 14638.009 Thread 0x0000028567c60cf0 nmethod 1309 0x000002854daeda90 code [0x000002854daedc20, 0x000002854daede78]
Event: 14638.009 Thread 0x0000028567c60cf0 1310       3       jdk.internal.misc.InnocuousThread::eraseThreadLocals (23 bytes)
Event: 14638.010 Thread 0x0000028567c60cf0 nmethod 1310 0x000002854daedf90 code [0x000002854daee120, 0x000002854daee318]

GC Heap History (20 events):
Event: 16880.245 GC heap before
{Heap before GC invocations=1367 (full 0):
 garbage-first heap   total 2783232K, used 2620843K [0x000000073e800000, 0x0000000800000000)
  region size 2048K, 67 young (137216K), 6 survivors (12288K)
 Metaspace       used 8816K, committed 8960K, reserved 1056768K
  class space    used 737K, committed 832K, reserved 1048576K
}
Event: 16880.248 GC heap after
{Heap after GC invocations=1368 (full 0):
 garbage-first heap   total 2783232K, used 2499308K [0x000000073e800000, 0x0000000800000000)
  region size 2048K, 7 young (14336K), 7 survivors (14336K)
 Metaspace       used 8816K, committed 8960K, reserved 1056768K
  class space    used 737K, committed 832K, reserved 1048576K
}
Event: 16898.039 GC heap before
{Heap before GC invocations=1368 (full 0):
 garbage-first heap   total 2783232K, used 2622188K [0x000000073e800000, 0x0000000800000000)
  region size 2048K, 67 young (137216K), 7 survivors (14336K)
 Metaspace       used 8816K, committed 8960K, reserved 1056768K
  class space    used 737K, committed 832K, reserved 1048576K
}
Event: 16898.041 GC heap after
{Heap after GC invocations=1369 (full 0):
 garbage-first heap   total 2783232K, used 2501123K [0x000000073e800000, 0x0000000800000000)
  region size 2048K, 6 young (12288K), 6 survivors (12288K)
 Metaspace       used 8816K, committed 8960K, reserved 1056768K
  class space    used 737K, committed 832K, reserved 1048576K
}
Event: 16911.245 GC heap before
{Heap before GC invocations=1369 (full 0):
 garbage-first heap   total 2783232K, used 2626051K [0x000000073e800000, 0x0000000800000000)
  region size 2048K, 67 young (137216K), 6 survivors (12288K)
 Metaspace       used 8816K, committed 8960K, reserved 1056768K
  class space    used 737K, committed 832K, reserved 1048576K
}
Event: 16911.247 GC heap after
{Heap after GC invocations=1370 (full 0):
 garbage-first heap   total 2783232K, used 2502456K [0x000000073e800000, 0x0000000800000000)
  region size 2048K, 6 young (12288K), 6 survivors (12288K)
 Metaspace       used 8816K, committed 8960K, reserved 1056768K
  class space    used 737K, committed 832K, reserved 1048576K
}
Event: 16925.250 GC heap before
{Heap before GC invocations=1370 (full 0):
 garbage-first heap   total 2783232K, used 2627384K [0x000000073e800000, 0x0000000800000000)
  region size 2048K, 67 young (137216K), 6 survivors (12288K)
 Metaspace       used 8816K, committed 8960K, reserved 1056768K
  class space    used 737K, committed 832K, reserved 1048576K
}
Event: 16925.252 GC heap after
{Heap after GC invocations=1371 (full 0):
 garbage-first heap   total 2783232K, used 2503999K [0x000000073e800000, 0x0000000800000000)
  region size 2048K, 5 young (10240K), 5 survivors (10240K)
 Metaspace       used 8816K, committed 8960K, reserved 1056768K
  class space    used 737K, committed 832K, reserved 1048576K
}
Event: 16941.166 GC heap before
{Heap before GC invocations=1371 (full 0):
 garbage-first heap   total 2783232K, used 2628927K [0x000000073e800000, 0x0000000800000000)
  region size 2048K, 67 young (137216K), 5 survivors (10240K)
 Metaspace       used 8816K, committed 8960K, reserved 1056768K
  class space    used 737K, committed 832K, reserved 1048576K
}
Event: 16941.168 GC heap after
{Heap after GC invocations=1372 (full 0):
 garbage-first heap   total 2783232K, used 2505930K [0x000000073e800000, 0x0000000800000000)
  region size 2048K, 5 young (10240K), 5 survivors (10240K)
 Metaspace       used 8816K, committed 8960K, reserved 1056768K
  class space    used 737K, committed 832K, reserved 1048576K
}
Event: 16955.215 GC heap before
{Heap before GC invocations=1372 (full 0):
 garbage-first heap   total 2783232K, used 2632906K [0x000000073e800000, 0x0000000800000000)
  region size 2048K, 67 young (137216K), 5 survivors (10240K)
 Metaspace       used 8816K, committed 8960K, reserved 1056768K
  class space    used 737K, committed 832K, reserved 1048576K
}
Event: 16955.217 GC heap after
{Heap after GC invocations=1373 (full 0):
 garbage-first heap   total 2783232K, used 2507395K [0x000000073e800000, 0x0000000800000000)
  region size 2048K, 6 young (12288K), 6 survivors (12288K)
 Metaspace       used 8816K, committed 8960K, reserved 1056768K
  class space    used 737K, committed 832K, reserved 1048576K
}
Event: 16963.559 GC heap before
{Heap before GC invocations=1373 (full 0):
 garbage-first heap   total 2783232K, used 2630275K [0x000000073e800000, 0x0000000800000000)
  region size 2048K, 67 young (137216K), 6 survivors (12288K)
 Metaspace       used 8816K, committed 8960K, reserved 1056768K
  class space    used 737K, committed 832K, reserved 1048576K
}
Event: 16963.562 GC heap after
{Heap after GC invocations=1374 (full 0):
 garbage-first heap   total 2783232K, used 2508198K [0x000000073e800000, 0x0000000800000000)
  region size 2048K, 5 young (10240K), 5 survivors (10240K)
 Metaspace       used 8816K, committed 8960K, reserved 1056768K
  class space    used 737K, committed 832K, reserved 1048576K
}
Event: 16985.414 GC heap before
{Heap before GC invocations=1374 (full 0):
 garbage-first heap   total 2783232K, used 2635174K [0x000000073e800000, 0x0000000800000000)
  region size 2048K, 67 young (137216K), 5 survivors (10240K)
 Metaspace       used 8816K, committed 8960K, reserved 1056768K
  class space    used 737K, committed 832K, reserved 1048576K
}
Event: 16985.416 GC heap after
{Heap after GC invocations=1375 (full 0):
 garbage-first heap   total 2783232K, used 2510431K [0x000000073e800000, 0x0000000800000000)
  region size 2048K, 6 young (12288K), 6 survivors (12288K)
 Metaspace       used 8816K, committed 8960K, reserved 1056768K
  class space    used 737K, committed 832K, reserved 1048576K
}
Event: 16998.048 GC heap before
{Heap before GC invocations=1375 (full 0):
 garbage-first heap   total 2783232K, used 2635359K [0x000000073e800000, 0x0000000800000000)
  region size 2048K, 67 young (137216K), 6 survivors (12288K)
 Metaspace       used 8816K, committed 8960K, reserved 1056768K
  class space    used 737K, committed 832K, reserved 1048576K
}
Event: 16998.051 GC heap after
{Heap after GC invocations=1376 (full 0):
 garbage-first heap   total 2783232K, used 2511992K [0x000000073e800000, 0x0000000800000000)
  region size 2048K, 6 young (12288K), 6 survivors (12288K)
 Metaspace       used 8816K, committed 8960K, reserved 1056768K
  class space    used 737K, committed 832K, reserved 1048576K
}
Event: 17013.135 GC heap before
{Heap before GC invocations=1376 (full 0):
 garbage-first heap   total 2783232K, used 2636920K [0x000000073e800000, 0x0000000800000000)
  region size 2048K, 67 young (137216K), 6 survivors (12288K)
 Metaspace       used 8816K, committed 8960K, reserved 1056768K
  class space    used 737K, committed 832K, reserved 1048576K
}
Event: 17013.181 GC heap after
{Heap after GC invocations=1377 (full 0):
 garbage-first heap   total 2783232K, used 2513303K [0x000000073e800000, 0x0000000800000000)
  region size 2048K, 6 young (12288K), 6 survivors (12288K)
 Metaspace       used 8816K, committed 8960K, reserved 1056768K
  class space    used 737K, committed 832K, reserved 1048576K
}

Deoptimization events (20 events):
Event: 5466.599 Thread 0x0000028549a79f40 Uncommon trap: trap_request=0xffffff45 fr.pc=0x0000028554d97564 relative=0x0000000000000604
Event: 5466.599 Thread 0x0000028549a79f40 Uncommon trap: reason=unstable_if action=reinterpret pc=0x0000028554d97564 method=java.text.DigitList.round(IZZ)V @ 26 c2
Event: 5466.599 Thread 0x0000028549a79f40 DEOPT PACKING pc=0x0000028554d97564 sp=0x000000bed69fc120
Event: 5466.599 Thread 0x0000028549a79f40 DEOPT UNPACKING pc=0x000002854d1723a3 sp=0x000000bed69fc038 mode 2
Event: 7517.952 Thread 0x0000028549a79f40 Uncommon trap: trap_request=0xffffff3d fr.pc=0x0000028554de8b74 relative=0x0000000000000d74
Event: 7517.952 Thread 0x0000028549a79f40 Uncommon trap: reason=unstable_fused_if action=reinterpret pc=0x0000028554de8b74 method=jdk.internal.math.FloatingDecimal$BinaryToASCIIBuffer.dtoa(IJIZ)V @ 82 c2
Event: 7517.952 Thread 0x0000028549a79f40 DEOPT PACKING pc=0x0000028554de8b74 sp=0x000000bed69fc150
Event: 7517.952 Thread 0x0000028549a79f40 DEOPT UNPACKING pc=0x000002854d1723a3 sp=0x000000bed69fc010 mode 2
Event: 7517.952 Thread 0x0000028549a79f40 Uncommon trap: trap_request=0xffffff45 fr.pc=0x0000028554df7fdc relative=0x0000000000000a5c
Event: 7517.952 Thread 0x0000028549a79f40 Uncommon trap: reason=unstable_if action=reinterpret pc=0x0000028554df7fdc method=java.text.DigitList.set(ZLjava/lang/String;ZZIZ)V @ 222 c2
Event: 7517.952 Thread 0x0000028549a79f40 DEOPT PACKING pc=0x0000028554df7fdc sp=0x000000bed69fc120
Event: 7517.952 Thread 0x0000028549a79f40 DEOPT UNPACKING pc=0x000002854d1723a3 sp=0x000000bed69fc0a8 mode 2
Event: 8254.707 Thread 0x0000028549a79f40 Uncommon trap: trap_request=0xffffff45 fr.pc=0x0000028554dcf378 relative=0x0000000000001358
Event: 8254.707 Thread 0x0000028549a79f40 Uncommon trap: reason=unstable_if action=reinterpret pc=0x0000028554dcf378 method=ilog.cplex.CplexI.checkCallbacks()V @ 17 c2
Event: 8254.707 Thread 0x0000028549a79f40 DEOPT PACKING pc=0x0000028554dcf378 sp=0x000000bed69ff120
Event: 8254.707 Thread 0x0000028549a79f40 DEOPT UNPACKING pc=0x000002854d1723a3 sp=0x000000bed69fefc8 mode 2
Event: 8255.550 Thread 0x0000028549a79f40 Uncommon trap: trap_request=0xffffff45 fr.pc=0x0000028554deafc0 relative=0x0000000000000680
Event: 8255.550 Thread 0x0000028549a79f40 Uncommon trap: reason=unstable_if action=reinterpret pc=0x0000028554deafc0 method=jdk.internal.math.FloatingDecimal$BinaryToASCIIBuffer.getChars([C)I @ 94 c2
Event: 8255.550 Thread 0x0000028549a79f40 DEOPT PACKING pc=0x0000028554deafc0 sp=0x000000bed69ff010
Event: 8255.550 Thread 0x0000028549a79f40 DEOPT UNPACKING pc=0x000002854d1723a3 sp=0x000000bed69fefd0 mode 2

Classes unloaded (0 events):
No events

Classes redefined (0 events):
No events

Internal exceptions (0 events):
No events

VM Operations (20 events):
Event: 16880.248 Executing VM operation: G1CollectForAllocation done
Event: 16898.039 Executing VM operation: G1CollectForAllocation
Event: 16898.041 Executing VM operation: G1CollectForAllocation done
Event: 16911.245 Executing VM operation: G1CollectForAllocation
Event: 16911.247 Executing VM operation: G1CollectForAllocation done
Event: 16925.250 Executing VM operation: G1CollectForAllocation
Event: 16925.252 Executing VM operation: G1CollectForAllocation done
Event: 16941.166 Executing VM operation: G1CollectForAllocation
Event: 16941.168 Executing VM operation: G1CollectForAllocation done
Event: 16955.215 Executing VM operation: G1CollectForAllocation
Event: 16955.217 Executing VM operation: G1CollectForAllocation done
Event: 16963.559 Executing VM operation: G1CollectForAllocation
Event: 16963.562 Executing VM operation: G1CollectForAllocation done
Event: 16985.414 Executing VM operation: G1CollectForAllocation
Event: 16985.416 Executing VM operation: G1CollectForAllocation done
Event: 16998.048 Executing VM operation: G1CollectForAllocation
Event: 16998.051 Executing VM operation: G1CollectForAllocation done
Event: 17013.135 Executing VM operation: G1CollectForAllocation
Event: 17013.181 Executing VM operation: G1CollectForAllocation done
Event: 17016.078 Executing VM operation: G1Concurrent

Events (20 events):
Event: 17015.472 Thread 0x0000028946bf7730 Thread exited: 0x0000028946bf7730
Event: 17015.473 Thread 0x0000028abbecdba0 Thread added: 0x0000028abbecdba0
Event: 17015.473 Thread 0x0000028a4206de60 Thread added: 0x0000028a4206de60
Event: 17015.473 Thread 0x0000028946bf68c0 Thread added: 0x0000028946bf68c0
Event: 17015.473 Thread 0x0000028b9a5ed590 Thread added: 0x0000028b9a5ed590
Event: 17015.473 Thread 0x0000028b779290e0 Thread added: 0x0000028b779290e0
Event: 17015.473 Thread 0x0000028b3be11600 Thread added: 0x0000028b3be11600
Event: 17015.473 Thread 0x000002856cbe5680 Thread added: 0x000002856cbe5680
Event: 17015.473 Thread 0x0000028b4a9e23e0 Thread added: 0x0000028b4a9e23e0
Event: 17015.473 Thread 0x0000028a207c73a0 Thread added: 0x0000028a207c73a0
Event: 17015.473 Thread 0x0000028af5d2feb0 Thread added: 0x0000028af5d2feb0
Event: 17015.473 Thread 0x00000288694e5300 Thread added: 0x00000288694e5300
Event: 17015.473 Thread 0x0000028af5d311f0 Thread added: 0x0000028af5d311f0
Event: 17015.473 Thread 0x0000028a4206e330 Thread added: 0x0000028a4206e330
Event: 17015.473 Thread 0x00000285715a4ae0 Thread added: 0x00000285715a4ae0
Event: 17015.473 Thread 0x0000028b576041f0 Thread added: 0x0000028b576041f0
Event: 17015.473 Thread 0x0000028a2d296190 Thread added: 0x0000028a2d296190
Event: 17015.473 Thread 0x000002898f8fc330 Thread added: 0x000002898f8fc330
Event: 17015.473 Thread 0x000002898f8fbe60 Thread added: 0x000002898f8fbe60
Event: 17015.473 Thread 0x0000028a483595a0 Thread added: 0x0000028a483595a0


Dynamic libraries:
0x00007ff631390000 - 0x00007ff63139e000 	D:\eclipse-jee-2021-12-R-win32-x86_64\eclipse\plugins\org.eclipse.justj.openjdk.hotspot.jre.full.win32.x86_64_17.0.1.v20211116-1657\jre\bin\javaw.exe
0x00007ffd36830000 - 0x00007ffd36a44000 	C:\WINDOWS\SYSTEM32\ntdll.dll
0x00007ffd35270000 - 0x00007ffd35332000 	C:\WINDOWS\System32\KERNEL32.DLL
0x00007ffd33fe0000 - 0x00007ffd34383000 	C:\WINDOWS\System32\KERNELBASE.dll
0x00007ffd33d70000 - 0x00007ffd33e81000 	C:\WINDOWS\System32\ucrtbase.dll
0x00007ffd10cb0000 - 0x00007ffd10cc8000 	D:\eclipse-jee-2021-12-R-win32-x86_64\eclipse\plugins\org.eclipse.justj.openjdk.hotspot.jre.full.win32.x86_64_17.0.1.v20211116-1657\jre\bin\jli.dll
0x00007ffd10c90000 - 0x00007ffd10ca9000 	D:\eclipse-jee-2021-12-R-win32-x86_64\eclipse\plugins\org.eclipse.justj.openjdk.hotspot.jre.full.win32.x86_64_17.0.1.v20211116-1657\jre\bin\VCRUNTIME140.dll
0x00007ffd363e0000 - 0x00007ffd3658b000 	C:\WINDOWS\System32\USER32.dll
0x00007ffd33e90000 - 0x00007ffd33eb6000 	C:\WINDOWS\System32\win32u.dll
0x00007ffd347f0000 - 0x00007ffd34819000 	C:\WINDOWS\System32\GDI32.dll
0x00007ffd33ec0000 - 0x00007ffd33fd8000 	C:\WINDOWS\System32\gdi32full.dll
0x00007ffd119e0000 - 0x00007ffd11c6e000 	C:\WINDOWS\WinSxS\amd64_microsoft.windows.common-controls_6595b64144ccf1df_6.0.22621.1635_none_270f70857386168e\COMCTL32.dll
0x00007ffd33c50000 - 0x00007ffd33cea000 	C:\WINDOWS\System32\msvcp_win.dll
0x00007ffd34d40000 - 0x00007ffd34de7000 	C:\WINDOWS\System32\msvcrt.dll
0x00007ffd36170000 - 0x00007ffd361a1000 	C:\WINDOWS\System32\IMM32.DLL
0x00007ffd2b540000 - 0x00007ffd2b54c000 	D:\eclipse-jee-2021-12-R-win32-x86_64\eclipse\plugins\org.eclipse.justj.openjdk.hotspot.jre.full.win32.x86_64_17.0.1.v20211116-1657\jre\bin\vcruntime140_1.dll
0x00007ffcf5160000 - 0x00007ffcf51f1000 	D:\eclipse-jee-2021-12-R-win32-x86_64\eclipse\plugins\org.eclipse.justj.openjdk.hotspot.jre.full.win32.x86_64_17.0.1.v20211116-1657\jre\bin\msvcp140.dll
0x00007ffce4000000 - 0x00007ffce4c46000 	D:\eclipse-jee-2021-12-R-win32-x86_64\eclipse\plugins\org.eclipse.justj.openjdk.hotspot.jre.full.win32.x86_64_17.0.1.v20211116-1657\jre\bin\server\jvm.dll
0x00007ffd34b40000 - 0x00007ffd34bee000 	C:\WINDOWS\System32\ADVAPI32.dll
0x00007ffd36330000 - 0x00007ffd363d4000 	C:\WINDOWS\System32\sechost.dll
0x00007ffd353c0000 - 0x00007ffd354d7000 	C:\WINDOWS\System32\RPCRT4.dll
0x00007ffd34c80000 - 0x00007ffd34c88000 	C:\WINDOWS\System32\PSAPI.DLL
0x00007ffd288f0000 - 0x00007ffd28924000 	C:\WINDOWS\SYSTEM32\WINMM.dll
0x00007ffd2ab40000 - 0x00007ffd2ab49000 	C:\WINDOWS\SYSTEM32\WSOCK32.dll
0x00007ffd273e0000 - 0x00007ffd273ea000 	C:\WINDOWS\SYSTEM32\VERSION.dll
0x00007ffd35340000 - 0x00007ffd353b1000 	C:\WINDOWS\System32\WS2_32.dll
0x00007ffd32d70000 - 0x00007ffd32d88000 	C:\WINDOWS\SYSTEM32\kernel.appcore.dll
0x00007ffd29910000 - 0x00007ffd2991a000 	D:\eclipse-jee-2021-12-R-win32-x86_64\eclipse\plugins\org.eclipse.justj.openjdk.hotspot.jre.full.win32.x86_64_17.0.1.v20211116-1657\jre\bin\jimage.dll
0x00007ffd31530000 - 0x00007ffd3175e000 	C:\WINDOWS\SYSTEM32\DBGHELP.DLL
0x00007ffd35540000 - 0x00007ffd358c9000 	C:\WINDOWS\System32\combase.dll
0x00007ffd349e0000 - 0x00007ffd34ab7000 	C:\WINDOWS\System32\OLEAUT32.dll
0x00007ffd202b0000 - 0x00007ffd202e2000 	C:\WINDOWS\SYSTEM32\dbgcore.DLL
0x00007ffd33cf0000 - 0x00007ffd33d6b000 	C:\WINDOWS\System32\bcryptPrimitives.dll
0x00007ffd0fa10000 - 0x00007ffd0fa35000 	D:\eclipse-jee-2021-12-R-win32-x86_64\eclipse\plugins\org.eclipse.justj.openjdk.hotspot.jre.full.win32.x86_64_17.0.1.v20211116-1657\jre\bin\java.dll
0x00007ffd295c0000 - 0x00007ffd295d8000 	D:\eclipse-jee-2021-12-R-win32-x86_64\eclipse\plugins\org.eclipse.justj.openjdk.hotspot.jre.full.win32.x86_64_17.0.1.v20211116-1657\jre\bin\zip.dll
0x00007ffd358e0000 - 0x00007ffd360da000 	C:\WINDOWS\System32\SHELL32.dll
0x00007ffd31c10000 - 0x00007ffd324de000 	C:\WINDOWS\SYSTEM32\windows.storage.dll
0x00007ffd31ad0000 - 0x00007ffd31c0e000 	C:\WINDOWS\SYSTEM32\wintypes.dll
0x00007ffd366f0000 - 0x00007ffd367e1000 	C:\WINDOWS\System32\SHCORE.dll
0x00007ffd34c10000 - 0x00007ffd34c6e000 	C:\WINDOWS\System32\shlwapi.dll
0x00007ffd33b80000 - 0x00007ffd33ba1000 	C:\WINDOWS\SYSTEM32\profapi.dll
0x00007ffd0f9f0000 - 0x00007ffd0fa09000 	D:\eclipse-jee-2021-12-R-win32-x86_64\eclipse\plugins\org.eclipse.justj.openjdk.hotspot.jre.full.win32.x86_64_17.0.1.v20211116-1657\jre\bin\net.dll
0x00007ffd2b240000 - 0x00007ffd2b377000 	C:\WINDOWS\SYSTEM32\WINHTTP.dll
0x00007ffd33200000 - 0x00007ffd33269000 	C:\WINDOWS\system32\mswsock.dll
0x00007ffd0f9d0000 - 0x00007ffd0f9e5000 	D:\eclipse-jee-2021-12-R-win32-x86_64\eclipse\plugins\org.eclipse.justj.openjdk.hotspot.jre.full.win32.x86_64_17.0.1.v20211116-1657\jre\bin\nio.dll
0x00007ffcd3fa0000 - 0x00007ffcd5fc5000 	C:\Program Files\IBM\ILOG\CPLEX_Studio128\opl\bin\x64_win64\cplex1280remotejni.dll

dbghelp: loaded successfully - version: 4.0.5 - missing functions: none
symbol engine: initialized successfully - sym options: 0x614 - pdb path: .;D:\eclipse-jee-2021-12-R-win32-x86_64\eclipse\plugins\org.eclipse.justj.openjdk.hotspot.jre.full.win32.x86_64_17.0.1.v20211116-1657\jre\bin;C:\WINDOWS\SYSTEM32;C:\WINDOWS\WinSxS\amd64_microsoft.windows.common-controls_6595b64144ccf1df_6.0.22621.1635_none_270f70857386168e;D:\eclipse-jee-2021-12-R-win32-x86_64\eclipse\plugins\org.eclipse.justj.openjdk.hotspot.jre.full.win32.x86_64_17.0.1.v20211116-1657\jre\bin\server;C:\Program Files\IBM\ILOG\CPLEX_Studio128\opl\bin\x64_win64

VM Arguments:
jvm_args: -Xms128m -Xmx3096m -Dfile.encoding=GBK -XX:+ShowCodeDetailsInExceptionMessages 
java_command: BC.Main
java_class_path (initial): D:\eclipse-workspace\CFLP_BCOA\bin;C:\Program Files\IBM\ILOG\CPLEX_Studio128\cplex\lib\cplex.jar
Launcher Type: SUN_STANDARD

[Global flags]
     intx CICompilerCount                          = 12                                        {product} {ergonomic}
     uint ConcGCThreads                            = 4                                         {product} {ergonomic}
     uint G1ConcRefinementThreads                  = 15                                        {product} {ergonomic}
   size_t G1HeapRegionSize                         = 2097152                                   {product} {ergonomic}
    uintx GCDrainStackTargetSize                   = 64                                        {product} {ergonomic}
   size_t InitialHeapSize                          = 134217728                                 {product} {command line}
   size_t MarkStackSize                            = 4194304                                   {product} {ergonomic}
   size_t MaxHeapSize                              = 3246391296                                {product} {command line}
   size_t MaxNewSize                               = 1946157056                                {product} {ergonomic}
   size_t MinHeapDeltaBytes                        = 2097152                                   {product} {ergonomic}
   size_t MinHeapSize                              = 134217728                                 {product} {command line}
    uintx NonNMethodCodeHeapSize                   = 7602480                                {pd product} {ergonomic}
    uintx NonProfiledCodeHeapSize                  = 122027880                              {pd product} {ergonomic}
    uintx ProfiledCodeHeapSize                     = 122027880                              {pd product} {ergonomic}
    uintx ReservedCodeCacheSize                    = 251658240                              {pd product} {ergonomic}
     bool SegmentedCodeCache                       = true                                      {product} {ergonomic}
     bool ShowCodeDetailsInExceptionMessages       = true                                   {manageable} {command line}
   size_t SoftMaxHeapSize                          = 3246391296                             {manageable} {ergonomic}
     bool UseCompressedClassPointers               = true                           {product lp64_product} {ergonomic}
     bool UseCompressedOops                        = true                           {product lp64_product} {ergonomic}
     bool UseG1GC                                  = true                                      {product} {ergonomic}
     bool UseLargePagesIndividualAllocation        = false                                  {pd product} {ergonomic}

Logging:
Log output configuration:
 #0: stdout all=warning uptime,level,tags
 #1: stderr all=off uptime,level,tags

Environment Variables:
JAVA_HOME=C:\Program Files\Java\jdk1.8.0_321
CLASSPATH=.;C:\Program Files\Java\jdk1.8.0_321\bin;C:\Program Files\Java\jdk1.8.0_321\lib\dt.jar;C:\Program Files\Java\jdk1.8.0_321\lib\tools.jar
PATH=D:/eclipse-jee-2021-12-R-win32-x86_64/eclipse//plugins/org.eclipse.justj.openjdk.hotspot.jre.full.win32.x86_64_17.0.1.v20211116-1657/jre/bin/server;D:/eclipse-jee-2021-12-R-win32-x86_64/eclipse//plugins/org.eclipse.justj.openjdk.hotspot.jre.full.win32.x86_64_17.0.1.v20211116-1657/jre/bin;C:\Program Files (x86)\Common Files\Oracle\Java\javapath;C:\Program Files\IBM\ILOG\CPLEX_Studio128\opl\bin\x64_win64;C:\Program Files\IBM\ILOG\CPLEX_Studio128\opl\oplide\;C:\Program Files\IBM\ILOG\CPLEX_Studio128\cplex\bin\x64_win64;C:\Program Files\IBM\ILOG\CPLEX_Studio128\cpoptimizer\bin\x64_win64;C:\windows\system32;C:\windows;C:\windows\System32\Wbem;C:\windows\System32\WindowsPowerShell\v1.0\;C:\windows\System32\OpenSSH\;C:\Program Files (x86)\NVIDIA Corporation\PhysX\Common;C:\Program Files\NVIDIA Corporation\NVIDIA NvDLISR;C:\Program Files\Java\jdk1.8.0_321\bin;C:\Program Files\Java\jdk1.8.0_321\jre\bin;C:\Program Files\MATLAB\R2021a\runtime\win64;C:\Program Files\MATLAB\R2021a\bin;C:\WINDOWS\system32;C:\WINDOWS;C:\WINDOWS\System32\Wbem;C:\WINDOWS\System32\WindowsPowerShell\v1.0\;C:\WINDOWS\System32\OpenSSH\;C:\Users\Ivan\AppData\Local\Microsoft\WindowsApps;D:\MiKTeX\miktex\bin\x64\;;D:\eclipse-jee-2021-12-R-win32-x86_64\eclipse;
USERNAME=Ivan
OS=Windows_NT
PROCESSOR_IDENTIFIER=Intel64 Family 6 Model 154 Stepping 3, GenuineIntel



---------------  S Y S T E M  ---------------

OS:
 Windows 10 , 64 bit Build 22621 (10.0.22621.1635)
OS uptime: 1 days 15:03 hours
Hyper-V role detected

CPU: total 20 (initial active 20) (10 cores per cpu, 2 threads per core) family 6 model 154 stepping 3 microcode 0x423, cx8, cmov, fxsr, ht, mmx, 3dnowpref, sse, sse2, sse3, ssse3, sse4.1, sse4.2, popcnt, lzcnt, tsc, tscinvbit, avx, avx2, aes, erms, clmul, bmi1, bmi2, adx, sha, fma, vzeroupper, clflush, clflushopt, clwb, hv

Memory: 4k page, system-wide physical 16051M (396M free)
TotalPageFile size 44103M (AvailPageFile size 154M)
current process WorkingSet (physical memory assigned to process): 4437M, peak: 11097M
current process commit charge ("private bytes"): 32206M, peak: 32584M

vm_info: OpenJDK 64-Bit Server VM (17.0.1+12) for windows-amd64 JRE (17.0.1+12), built on Oct 20 2021 07:42:55 by "" with MS VC++ 16.7 (VS2019)

END.
